CREATE DATABASE  IF NOT EXISTS `apartment` /*!40100 DEFAULT CHARACTER SET utf8 */ /*!80016 DEFAULT ENCRYPTION='N' */;
USE `apartment`;
-- MySQL dump 10.13  Distrib 8.0.20, for Win64 (x86_64)
--
-- Host: localhost    Database: apartment
-- ------------------------------------------------------
-- Server version	8.0.20

/*!40101 SET @OLD_CHARACTER_SET_CLIENT=@@CHARACTER_SET_CLIENT */;
/*!40101 SET @OLD_CHARACTER_SET_RESULTS=@@CHARACTER_SET_RESULTS */;
/*!40101 SET @OLD_COLLATION_CONNECTION=@@COLLATION_CONNECTION */;
/*!50503 SET NAMES utf8 */;
/*!40103 SET @OLD_TIME_ZONE=@@TIME_ZONE */;
/*!40103 SET TIME_ZONE='+00:00' */;
/*!40014 SET @OLD_UNIQUE_CHECKS=@@UNIQUE_CHECKS, UNIQUE_CHECKS=0 */;
/*!40014 SET @OLD_FOREIGN_KEY_CHECKS=@@FOREIGN_KEY_CHECKS, FOREIGN_KEY_CHECKS=0 */;
/*!40101 SET @OLD_SQL_MODE=@@SQL_MODE, SQL_MODE='NO_AUTO_VALUE_ON_ZERO' */;
/*!40111 SET @OLD_SQL_NOTES=@@SQL_NOTES, SQL_NOTES=0 */;

--
-- Table structure for table `apartment_index`
--

DROP TABLE IF EXISTS `apartment_index`;
/*!40101 SET @saved_cs_client     = @@character_set_client */;
/*!50503 SET character_set_client = utf8mb4 */;
CREATE TABLE `apartment_index` (
  `id` int NOT NULL AUTO_INCREMENT,
  `bicycle_number` int NOT NULL,
  `car_number` int NOT NULL,
  `date` date NOT NULL,
  `motocycle_number` int NOT NULL,
  `new_electricity_number` int NOT NULL,
  `new_water_number` int NOT NULL,
  `id_apartment` varchar(8) NOT NULL,
  `id_employee` int NOT NULL,
  PRIMARY KEY (`id`),
  KEY `FKet6i8nxukx4y1tu8xqo2kap1f` (`id_apartment`),
  KEY `FKjrx17tp7jjib30o9jebl2n373` (`id_employee`),
  CONSTRAINT `FKet6i8nxukx4y1tu8xqo2kap1f` FOREIGN KEY (`id_apartment`) REFERENCES `apartments` (`id`),
  CONSTRAINT `FKjrx17tp7jjib30o9jebl2n373` FOREIGN KEY (`id_employee`) REFERENCES `employees` (`id`)
) ENGINE=InnoDB AUTO_INCREMENT=193 DEFAULT CHARSET=utf8;
/*!40101 SET character_set_client = @saved_cs_client */;

--
-- Dumping data for table `apartment_index`
--

LOCK TABLES `apartment_index` WRITE;
/*!40000 ALTER TABLE `apartment_index` DISABLE KEYS */;
INSERT INTO `apartment_index` VALUES (1,0,0,'2019-01-01',2,50,16,'L.A.101',3),(2,0,0,'2019-02-01',2,90,32,'L.A.101',3),(3,0,0,'2019-03-01',2,140,48,'L.A.101',3),(4,0,0,'2019-04-01',2,180,64,'L.A.101',3),(5,0,0,'2019-05-01',2,250,80,'L.A.101',3),(6,0,0,'2019-06-01',2,310,96,'L.A.101',3),(7,0,0,'2019-07-01',2,450,106,'L.A.101',3),(8,0,0,'2019-08-01',2,470,122,'L.A.101',3),(9,0,0,'2019-09-01',2,540,138,'L.A.101',3),(10,0,0,'2019-10-01',2,600,154,'L.A.101',3),(11,0,0,'2019-11-01',2,700,170,'L.A.101',3),(12,0,0,'2019-12-01',2,730,186,'L.A.101',3),(13,1,1,'2019-01-01',1,100,24,'L.A.102',3),(14,1,1,'2019-02-01',1,170,48,'L.A.102',3),(15,1,1,'2019-03-01',1,250,72,'L.A.102',3),(16,1,1,'2019-04-01',1,380,96,'L.A.102',3),(17,1,1,'2019-05-01',1,490,117,'L.A.102',3),(18,1,1,'2019-06-01',1,560,135,'L.A.102',3),(19,1,1,'2019-07-01',1,690,151,'L.A.102',3),(20,1,1,'2019-08-01',1,750,168,'L.A.102',3),(21,1,1,'2019-09-01',1,880,190,'L.A.102',3),(22,1,1,'2019-10-01',1,1000,215,'L.A.102',3),(23,1,1,'2019-11-01',1,1200,235,'L.A.102',3),(24,1,1,'2019-12-01',1,1290,255,'L.A.102',3),(25,0,0,'2019-01-01',3,100,24,'L.A.103',3),(26,0,0,'2019-02-01',3,250,48,'L.A.103',3),(27,0,0,'2019-03-01',3,450,72,'L.A.103',3),(28,0,0,'2019-04-01',3,660,95,'L.A.103',3),(29,0,0,'2019-05-01',3,890,110,'L.A.103',3),(30,0,0,'2019-06-01',3,1100,140,'L.A.103',3),(31,0,0,'2019-07-01',3,1300,165,'L.A.103',3),(32,0,0,'2019-08-01',3,1450,185,'L.A.103',3),(33,0,0,'2019-09-01',3,1650,210,'L.A.103',3),(34,0,0,'2019-10-01',3,1855,235,'L.A.103',3),(35,0,0,'2019-11-01',3,2000,250,'L.A.103',3),(36,0,0,'2019-12-01',3,2450,280,'L.A.103',3),(37,0,1,'2019-01-01',2,120,25,'L.A.104',3),(38,0,1,'2019-02-01',2,240,50,'L.A.104',3),(39,0,1,'2019-03-01',2,400,75,'L.A.104',3),(40,0,1,'2019-04-01',2,550,100,'L.A.104',3),(41,0,1,'2019-05-01',2,750,125,'L.A.104',3),(42,0,1,'2019-06-01',2,900,150,'L.A.104',3),(43,0,1,'2019-07-01',2,1000,175,'L.A.104',3),(44,0,1,'2019-08-01',2,1200,200,'L.A.104',3),(45,0,1,'2019-09-01',2,1390,230,'L.A.104',3),(46,0,1,'2019-10-01',2,1550,250,'L.A.104',3),(47,0,1,'2019-11-01',2,1700,275,'L.A.104',3),(48,0,1,'2019-12-01',2,1900,290,'L.A.104',3),(49,0,0,'2019-01-01',1,50,8,'L.A.201',3),(50,0,0,'2019-02-01',1,100,16,'L.A.201',3),(51,0,0,'2019-03-01',1,152,25,'L.A.201',3),(52,0,0,'2019-04-01',1,200,35,'L.A.201',3),(53,0,0,'2019-05-01',1,200,42,'L.A.201',3),(54,0,0,'2019-06-01',1,251,50,'L.A.201',3),(55,0,0,'2019-07-01',1,281,55,'L.A.201',3),(56,0,0,'2019-08-01',1,320,64,'L.A.201',3),(57,0,0,'2019-09-01',1,390,70,'L.A.201',3),(58,0,0,'2019-10-01',1,430,78,'L.A.201',3),(59,0,0,'2019-11-01',1,470,85,'L.A.201',3),(60,0,0,'2019-12-01',1,500,90,'L.A.201',3),(61,0,2,'2019-01-01',0,100,15,'L.A.203',3),(62,0,2,'2019-02-01',0,200,30,'L.A.203',3),(63,1,0,'2019-03-01',1,300,45,'L.A.202',3),(64,1,0,'2019-04-01',1,400,60,'L.A.202',3),(65,1,0,'2019-05-01',1,500,75,'L.A.202',3),(66,1,0,'2019-06-01',1,600,90,'L.A.202',3),(67,1,0,'2019-07-01',1,700,105,'L.A.202',3),(68,1,0,'2019-08-01',1,800,120,'L.A.202',3),(69,1,0,'2019-09-01',1,900,135,'L.A.202',3),(70,1,0,'2019-10-01',1,1000,150,'L.A.202',3),(71,1,0,'2019-11-01',1,1100,165,'L.A.202',3),(72,1,0,'2019-12-01',1,1234,182,'L.A.202',3),(73,1,0,'2019-01-01',1,100,18,'L.A.202',3),(74,1,0,'2019-02-01',1,160,24,'L.A.202',3),(75,0,2,'2019-03-01',0,310,50,'L.A.203',3),(76,0,2,'2019-04-01',0,390,59,'L.A.203',3),(77,0,2,'2019-05-01',0,420,70,'L.A.203',3),(78,0,2,'2019-06-01',0,500,85,'L.A.203',3),(79,0,2,'2019-07-01',0,608,95,'L.A.203',3),(80,0,2,'2019-08-01',0,700,110,'L.A.203',3),(81,0,2,'2019-09-01',0,850,119,'L.A.203',3),(82,0,2,'2019-10-01',0,940,128,'L.A.203',3),(83,0,2,'2019-11-01',0,1100,145,'L.A.203',3),(84,0,2,'2019-12-01',0,1170,160,'L.A.203',3),(85,1,1,'2019-01-01',0,70,12,'L.A.204',3),(86,1,1,'2019-02-01',0,143,23,'L.A.204',3),(87,1,1,'2019-03-01',0,240,35,'L.A.204',3),(88,1,1,'2019-04-01',0,340,50,'L.A.204',3),(89,1,1,'2019-05-01',0,400,62,'L.A.204',3),(90,1,1,'2019-06-01',0,450,70,'L.A.204',3),(91,1,1,'2019-07-01',0,550,84,'L.A.204',3),(92,1,1,'2019-08-01',0,653,100,'L.A.204',3),(93,1,1,'2019-09-01',0,770,112,'L.A.204',3),(94,1,1,'2019-10-01',0,815,120,'L.A.204',3),(95,1,1,'2019-11-01',0,930,140,'L.A.204',3),(96,1,1,'2019-12-01',0,1030,155,'L.A.204',3),(97,0,0,'2019-01-01',2,150,23,'L.A.301',3),(98,0,0,'2019-02-01',2,320,50,'L.A.301',3),(99,0,0,'2019-03-01',2,500,74,'L.A.301',3),(100,0,0,'2019-04-01',2,700,100,'L.A.301',3),(101,0,0,'2019-02-01',3,250,40,'L.A.304',3),(102,0,0,'2019-01-01',3,100,16,'L.A.304',3),(103,0,0,'2019-05-01',2,820,120,'L.A.301',3),(104,0,0,'2019-06-01',2,1000,143,'L.A.301',3),(105,0,0,'2019-07-01',2,1168,168,'L.A.301',3),(106,0,0,'2019-08-01',2,1300,185,'L.A.301',3),(107,0,0,'2019-09-01',2,1450,200,'L.A.301',3),(108,0,0,'2019-10-01',2,1660,230,'L.A.301',3),(109,0,0,'2019-11-01',2,1700,246,'L.A.301',3),(110,0,0,'2019-12-01',2,1888,270,'L.A.301',3),(111,0,0,'2019-01-01',1,100,16,'L.A.302',3),(112,0,0,'2019-02-01',1,180,30,'L.A.302',3),(113,0,0,'2019-03-01',1,300,45,'L.A.302',3),(114,0,0,'2019-04-01',1,444,60,'L.A.302',3),(115,0,0,'2019-05-01',1,500,68,'L.A.302',3),(116,0,0,'2019-06-01',1,600,80,'L.A.302',3),(117,0,0,'2019-07-01',1,730,92,'L.A.302',3),(118,0,0,'2019-08-01',1,800,100,'L.A.302',3),(119,0,0,'2019-09-01',1,890,116,'L.A.302',3),(120,0,0,'2019-10-01',1,1000,130,'L.A.302',3),(121,0,0,'2019-11-01',1,1090,144,'L.A.302',3),(122,0,0,'2019-12-01',1,1200,160,'L.A.302',3),(123,0,0,'2019-01-01',3,150,24,'L.A.303',3),(124,0,0,'2019-02-01',3,300,48,'L.A.303',3),(125,0,0,'2019-03-01',3,420,60,'L.A.303',3),(126,0,0,'2019-04-01',3,600,85,'L.A.303',3),(127,0,0,'2019-05-01',3,710,103,'L.A.303',3),(128,0,0,'2019-06-01',3,880,125,'L.A.303',3),(129,0,0,'2019-07-01',3,1000,150,'L.A.303',3),(130,0,0,'2019-08-01',3,1200,175,'L.A.303',3),(131,0,0,'2019-09-01',3,1350,200,'L.A.303',3),(132,0,0,'2019-10-01',3,1504,224,'L.A.303',3),(133,0,0,'2019-11-01',3,1700,250,'L.A.303',3),(134,0,0,'2019-12-01',3,1900,270,'L.A.303',3),(135,0,0,'2019-03-01',3,400,64,'L.A.304',3),(136,0,0,'2019-04-01',3,566,90,'L.A.304',3),(137,0,0,'2019-05-01',3,700,113,'L.A.304',3),(138,0,0,'2019-06-01',3,850,140,'L.A.304',3),(139,0,0,'2019-07-01',3,1000,166,'L.A.304',3),(140,0,0,'2019-08-01',3,1140,185,'L.A.304',3),(141,0,0,'2019-09-01',3,1300,200,'L.A.304',3),(142,0,0,'2019-10-01',3,1444,222,'L.A.304',3),(143,0,0,'2019-11-01',3,1566,240,'L.A.304',3),(144,0,0,'2019-12-01',3,1777,265,'L.A.304',3),(145,0,0,'2019-01-01',1,50,8,'L.A.401',3),(146,0,0,'2019-02-01',1,100,16,'L.A.401',3),(147,0,0,'2019-03-01',1,140,22,'L.A.401',3),(148,0,0,'2019-04-01',1,200,30,'L.A.401',3),(149,0,0,'2019-05-01',1,230,35,'L.A.401',3),(150,0,0,'2019-06-01',1,300,42,'L.A.401',3),(151,0,0,'2019-07-01',1,350,50,'L.A.401',3),(152,0,0,'2019-08-01',1,400,56,'L.A.401',3),(153,0,0,'2019-09-01',1,450,62,'L.A.401',3),(154,0,0,'2019-10-01',1,510,70,'L.A.401',3),(155,0,0,'2019-11-01',1,530,73,'L.A.401',3),(156,0,0,'2019-12-01',1,580,80,'L.A.401',3),(157,0,0,'2019-01-01',1,50,8,'L.A.402',3),(158,0,0,'2019-02-01',1,100,16,'L.A.402',3),(159,0,0,'2019-03-01',1,140,24,'L.A.402',3),(160,0,0,'2019-04-01',1,200,30,'L.A.402',3),(161,0,0,'2019-05-01',1,250,38,'L.A.402',3),(162,0,0,'2019-06-01',1,290,44,'L.A.402',3),(163,0,0,'2019-07-01',1,350,60,'L.A.402',3),(164,0,0,'2019-08-01',1,400,68,'L.A.402',3),(165,0,0,'2019-09-01',1,430,72,'L.A.402',3),(166,0,0,'2019-10-01',1,500,80,'L.A.402',3),(167,0,0,'2019-11-01',1,650,90,'L.A.402',3),(168,0,0,'2019-12-01',1,700,95,'L.A.402',3),(169,0,1,'2019-01-01',1,100,16,'L.A.403',3),(170,0,1,'2019-02-01',1,200,32,'L.A.403',3),(171,0,1,'2019-03-01',1,280,42,'L.A.403',3),(172,0,1,'2019-04-01',1,370,50,'L.A.403',3),(173,0,1,'2019-05-01',1,500,66,'L.A.403',3),(174,0,1,'2019-06-01',1,600,79,'L.A.403',3),(175,0,1,'2019-07-01',1,710,100,'L.A.403',3),(176,0,1,'2019-08-01',1,800,116,'L.A.403',3),(177,0,1,'2019-09-01',1,920,132,'L.A.403',3),(178,0,1,'2019-10-01',1,1000,142,'L.A.403',3),(179,0,1,'2019-11-01',1,1113,160,'L.A.403',3),(180,0,1,'2019-12-01',1,1200,173,'L.A.403',3),(181,1,1,'2019-01-01',1,150,24,'L.A.404',3),(182,1,1,'2019-02-01',1,270,40,'L.A.404',3),(183,1,1,'2019-03-01',1,400,60,'L.A.404',3),(184,1,1,'2019-04-01',1,580,84,'L.A.404',3),(185,1,1,'2019-05-01',1,700,103,'L.A.404',3),(186,1,1,'2019-06-01',1,840,127,'L.A.404',3),(187,1,1,'2019-07-01',1,1000,145,'L.A.404',3),(188,1,1,'2019-08-01',1,1170,169,'L.A.404',3),(189,1,1,'2019-09-01',1,1300,200,'L.A.404',3),(190,1,1,'2019-10-01',1,1450,224,'L.A.404',3),(191,1,1,'2019-11-01',1,1666,250,'L.A.404',3),(192,1,1,'2019-12-01',1,1800,270,'L.A.404',3);
/*!40000 ALTER TABLE `apartment_index` ENABLE KEYS */;
UNLOCK TABLES;

--
-- Table structure for table `apartments`
--

DROP TABLE IF EXISTS `apartments`;
/*!40101 SET @saved_cs_client     = @@character_set_client */;
/*!50503 SET character_set_client = utf8mb4 */;
CREATE TABLE `apartments` (
  `id` varchar(8) NOT NULL,
  `acreage` int NOT NULL,
  `location` varchar(50) NOT NULL,
  `note` varchar(255) DEFAULT NULL,
  `password` varchar(120) NOT NULL,
  `id_own` int DEFAULT NULL,
  PRIMARY KEY (`id`),
  KEY `FK92ouy1xr4ilue8sfph4t3uoi4` (`id_own`),
  CONSTRAINT `FK92ouy1xr4ilue8sfph4t3uoi4` FOREIGN KEY (`id_own`) REFERENCES `own_apartments` (`id`) ON DELETE SET NULL
) ENGINE=InnoDB DEFAULT CHARSET=utf8;
/*!40101 SET character_set_client = @saved_cs_client */;

--
-- Dumping data for table `apartments`
--

LOCK TABLES `apartments` WRITE;
/*!40000 ALTER TABLE `apartments` DISABLE KEYS */;
INSERT INTO `apartments` VALUES ('L.A.101',45,'Lô A Tầng 1.','','$2a$10$H8HxFrJjXZgh1Uw.aEs3Q.7THy.CT7.kIokb5K2HPpakYcOrPDDr6',2),('L.A.102',45,'Lô A Tầng 1.','','$2a$10$L6teRA5En.w/2ZkkkpOdTeqQHtBVXpN/RYzOK1n/K8pYzTtcvMAb.',2),('L.A.103',75,'Lô A Tầng 1.','','$2a$10$ew.qDOwX0t2q7zN5du/xeeUqO66BrwTdZbc02G//dOwn045NW7n0m',3),('L.A.104',110,'Lô A Tầng 1.','','$2a$10$Oku/kUDEe6MaTmkAtFlHau0Q0Fw..Kxz1bRlXRkUi3dkVK6RJR2p2',4),('L.A.201',45,'Lô A Tầng 2.','','$2a$10$R/5WLUaZgFPP0k7/M2p3bOXMtY6qa6DMqI4ATYH1mXK.1dw/osa0m',5),('L.A.202',45,'Lô A Tầng 2.','','$2a$10$O8OACnK8gfT0S2O5wFEvOO8tUGwdSJSdFl.uujiFzNsS71.smZnoG',6),('L.A.203',75,'Lô A Tầng 2.','','$2a$10$B7ZgdJ0xO/ZL5G72GabiJui7zRXZcaY5PS6inKXPJ6IefNi8Fxib2',7),('L.A.204',110,'Lô A Tầng 2.','','$2a$10$WleohZ1fwetCje7X.wJgQ.OhLKE8OhZtYrhA36iD4v/EBxWXblMbu',8),('L.A.301',45,'Lô A Tầng 3.','','$2a$10$mgEcenr.oqTXSlzU4.f6vuGaD3ZDViU35wlzPoh4U0y3HjIh/XHx6',9),('L.A.302',45,'Lô A Tầng 3.','','$2a$10$G5Cp/FHw1BywqPvC3wkrvu/rHgDWO6ljibRAXKa5fDHVfGMGhBhry',10),('L.A.303',75,'Lô A Tầng 3.','','$2a$10$wUQVksZin/.kGSm3cL2ap.vVDSR7pKOV1Fz1PhvE8nDYotqCbQK.C',11),('L.A.304',110,'Lô A Tầng 3.','','$2a$10$LM2sV6qktUzDcgddZy7Ur.LfjKt5Cv8SBAWstm8RXkpaPUAish/Cu',12),('L.A.401',45,'Lô A Tầng 4.','','$2a$10$kiPba4drRLt4fpqrNAr9I.NhRTtbfSBBpIc3LkS5BFfwq5VRYyVJy',13),('L.A.402',45,'Lô A Tầng 4.','','$2a$10$N84ygNjriFx266983yIKIuW/5YkQxcxbsXfaee4/.nzhH8hrszi.K',14),('L.A.403',75,'Lô A Tầng 4.','','$2a$10$91.1p7L2eGDrkb2C7ER8T.17BGgqvjh1rKI6Umg9PHx4kRTk7/OZK',15),('L.A.404',110,'Lô A Tầng 4.','','$2a$10$bqA8Y9iBEhqGC7FSydkGDu0Xb9lE/Lf8nyq9gjTh3IVZu6hESQLoq',16),('L.A.501',45,'Lô A Tầng 5.','','$2a$10$eFimvN2A64JJOSmt1DKqfOeqpUsDDIcvXoNjsIiud9CWT7wX.rFNi',18),('L.A.502',45,'Lô A Tầng 5.','','$2a$10$SIgdiqhJRt0TqFI8efeXPORtCd/zmFI6yAq6UQ9BG/3CKB22e0m.u',19),('L.A.503',75,'Lô A Tầng 5.','','$2a$10$Q0h8EaWHTg1PqauqcPvaeueFOyvNpRIyLrsoxz6CXtI2933QxzPSe',20),('L.A.504',110,'Lô A Tầng 5.','','$2a$10$gGh5im92bIZn1Objv41oNOmyVEUj1Ryq92VLd9sj6yfC3KavDXyL.',21),('L.A.601',45,'Lô A Tầng 6.','','$2a$10$YEFB.210bgfPYmRzFND66.Pev8zLfkBbcxivnd5vFAitMRS6Bvwli',22),('L.A.602',45,'Lô A Tầng 6.','','$2a$10$UgBXDdYx8IK6tJsyzIq.kOni3PVe3EzKpfFfeTdHbXkv3qgvT1grG',22),('L.A.603',75,'Lô A Tầng 6.','','$2a$10$.yt7XulTL/BsDIPnfaMT/euBbD91zTwi2QM5Wl2auIorFAdBUZTj6',23),('L.A.604',110,'Lô A Tầng 6.','','$2a$10$xkdeYk.iu1sBl6UbvHuNkOfChedjqRB1wExTkyHJLvFdIvoGCUGE6',24),('L.A.701',45,'Lô A Tầng 7.','','$2a$10$yLBl45oi3dTuBXpzyMuhWuT6T9dGglghmzBeWPcsJRV8EFC3IM9AO',25),('L.A.702',45,'Lô A Tầng 7.','','$2a$10$EQlrsgp04jpIrtb9RcxkueRmor9HWtbikyZ6aQq95YzznNnT5YnG.',26),('L.A.703',75,'Lô A Tầng 7.','','$2a$10$sdJepf1NEgRkKpJR4oSiI.O9QR92qfQ9k3zDdT3I82yvWVVje43fi',27),('L.A.704',110,'Lô A Tầng 7.','','$2a$10$WZlQ.GX7ANTxkQ1NfPt5R.YfjRJv83Dy4qDrjpjVjMcTae0nAMbM2',28),('L.A.801',45,'Lô A Tầng 8.','','$2a$10$NWjXV1HrqXN4LrDMeDIsX.d0J95D.VK/qoXX4YQMPwkb3C2jH.MPC',29),('L.A.802',45,'Lô A Tầng 8.','','$2a$10$ql5ZY6/b0bF5FcAstlF62Ocb3Qy6OIWPF3X43rbfLN3dr8gZDxVvm',30),('L.A.803',75,'Lô A Tầng 8.','','$2a$10$nF1WHHK7n9NxbNK/KXVCV.v6GilJcNbN4OO/njo1jHQbAG4oDfZzu',31),('L.A.804',110,'Lô A Tầng 8.','','$2a$10$A2A8A5F86l3QLe1XBfyaB.MsWRpQQAK82vhI.xUvs06JbEphZs0Qi',32);
/*!40000 ALTER TABLE `apartments` ENABLE KEYS */;
UNLOCK TABLES;

--
-- Table structure for table `bills`
--

DROP TABLE IF EXISTS `bills`;
/*!40101 SET @saved_cs_client     = @@character_set_client */;
/*!50503 SET character_set_client = utf8mb4 */;
CREATE TABLE `bills` (
  `bicycle_number` int NOT NULL,
  `bicycle_price` double NOT NULL,
  `car_number` int NOT NULL,
  `car_price` double NOT NULL,
  `electricity_number` int NOT NULL,
  `electricity_price1` double NOT NULL,
  `electricity_price2` double NOT NULL,
  `electricity_price3` double NOT NULL,
  `electricity_price4` double NOT NULL,
  `electricity_price5` double NOT NULL,
  `electricity_price6` double NOT NULL,
  `garbages_price` double NOT NULL,
  `management_price` double NOT NULL,
  `motocycle_number` int NOT NULL,
  `motocycle_price` double NOT NULL,
  `paid` bit(1) NOT NULL,
  `total_price` int NOT NULL,
  `water_number` int NOT NULL,
  `water_price` double NOT NULL,
  `apartment_index_id` int NOT NULL,
  `electricity_price_total` double NOT NULL,
  `parking_price_total` double NOT NULL,
  PRIMARY KEY (`apartment_index_id`),
  CONSTRAINT `FK4bybyg3vaje6l3r17r8m2qr30` FOREIGN KEY (`apartment_index_id`) REFERENCES `apartment_index` (`id`) ON DELETE CASCADE
) ENGINE=InnoDB DEFAULT CHARSET=utf8;
/*!40101 SET character_set_client = @saved_cs_client */;

--
-- Dumping data for table `bills`
--

LOCK TABLES `bills` WRITE;
/*!40000 ALTER TABLE `bills` DISABLE KEYS */;
INSERT INTO `bills` VALUES (0,60000,0,300000,50,1500,1600,1900,2400,2700,2800,30000,250000,2,120000,_binary '',698500,16,6000,1,82500,240000),(0,60000,0,300000,40,1500,1600,1900,2400,2700,2800,30000,250000,2,120000,_binary '',682000,16,6000,2,66000,240000),(0,60000,0,300000,50,1500,1600,1900,2400,2700,2800,30000,250000,2,120000,_binary '',698500,16,6000,3,82500,240000),(0,60000,0,300000,40,1500,1600,1900,2400,2700,2800,30000,250000,2,120000,_binary '',682000,16,6000,4,66000,240000),(0,60000,0,300000,70,1500,1600,1900,2400,2700,2800,30000,250000,2,120000,_binary '',733700,16,6000,5,117700,240000),(0,60000,0,300000,60,1678,1734,2014,2536,2834,2927,30000,250000,2,120000,_binary '',727364,16,6000,6,111364,240000),(0,60000,0,300000,140,1678,1734,2014,2536,2834,2927,30000,250000,2,120000,_binary '',856276,10,6000,7,276276,240000),(0,60000,0,300000,20,1678,1734,2014,2536,2834,2927,30000,250000,2,120000,_binary '',652916,16,6000,8,36916,240000),(0,60000,0,300000,70,1678,1734,2014,2536,2834,2927,30000,250000,2,120000,_binary '',746438,16,6000,9,130438,240000),(0,60000,0,300000,60,1678,1734,2014,2536,2834,2927,30000,250000,2,120000,_binary '',727364,16,6000,10,111364,240000),(0,60000,0,300000,100,1678,1734,2014,2536,2834,2927,30000,250000,2,120000,_binary '',803660,16,6000,11,187660,240000),(0,60000,0,300000,30,1678,1734,2014,2536,2834,2927,30000,250000,2,120000,_binary '',671374,16,6000,12,55374,240000),(1,60000,1,300000,100,1500,1600,1900,2400,2700,2800,30000,250000,1,120000,_binary '',1074500,24,6000,13,170500,480000),(1,60000,1,300000,70,1500,1600,1900,2400,2700,2800,30000,250000,1,120000,_binary '',1021700,24,6000,14,117700,480000),(1,60000,1,300000,80,1500,1600,1900,2400,2700,2800,30000,250000,1,120000,_binary '',1039300,24,6000,15,135300,480000),(1,60000,1,300000,130,1500,1600,1900,2400,2700,2800,30000,250000,1,120000,_binary '',1137200,24,6000,16,233200,480000),(1,60000,1,300000,110,1500,1600,1900,2400,2700,2800,30000,250000,1,120000,_binary '',1077400,21,6000,17,191400,480000),(1,60000,1,300000,70,1678,1734,2014,2536,2834,2927,30000,250000,1,120000,_binary '',998438,18,6000,18,130438,480000),(1,60000,1,300000,130,1678,1734,2014,2536,2834,2927,30000,250000,1,120000,_binary '',1110122,16,6000,19,254122,480000),(1,60000,1,300000,60,1678,1734,2014,2536,2834,2927,30000,250000,1,120000,_binary '',973364,17,6000,20,111364,480000),(1,60000,1,300000,130,1678,1734,2014,2536,2834,2927,30000,250000,1,120000,_binary '',1146122,22,6000,21,254122,480000),(1,60000,1,300000,120,1678,1734,2014,2536,2834,2927,30000,250000,1,120000,_binary '',1141968,25,6000,22,231968,480000),(1,60000,1,300000,200,1678,1734,2014,2536,2834,2927,30000,250000,1,120000,_binary '',1289200,20,6000,23,409200,480000),(1,60000,1,300000,90,1678,1734,2014,2536,2834,2927,30000,250000,1,120000,_binary '',1048586,20,6000,24,168586,480000),(0,60000,0,300000,100,1500,1600,1900,2400,2700,2800,30000,250000,3,120000,_binary '',954500,24,6000,25,170500,360000),(0,60000,0,300000,150,1500,1600,1900,2400,2700,2800,30000,250000,3,120000,_binary '',1059000,24,6000,26,275000,360000),(0,60000,0,300000,200,1500,1600,1900,2400,2700,2800,30000,250000,3,120000,_binary '',1163500,24,6000,27,379500,360000),(0,60000,0,300000,210,1500,1600,1900,2400,2700,2800,30000,250000,3,120000,_binary '',1183900,23,6000,28,405900,360000),(0,60000,0,300000,230,1500,1600,1900,2400,2700,2800,30000,250000,3,120000,_binary '',1188700,15,6000,29,458700,360000),(0,60000,0,300000,210,1678,1734,2014,2536,2834,2927,30000,250000,3,120000,_binary '',1257096,30,6000,30,437096,360000),(0,60000,0,300000,200,1678,1734,2014,2536,2834,2927,30000,250000,3,120000,_binary '',1199200,25,6000,31,409200,360000),(0,60000,0,300000,150,1678,1734,2014,2536,2834,2927,30000,250000,3,120000,_binary '',1058430,20,6000,32,298430,360000),(0,60000,0,300000,200,1678,1734,2014,2536,2834,2927,30000,250000,3,120000,_binary '',1199200,25,6000,33,409200,360000),(0,60000,0,300000,205,1678,1734,2014,2536,2834,2927,30000,250000,3,120000,_binary '',1213148,25,6000,34,423148,360000),(0,60000,0,300000,145,1678,1734,2014,2536,2834,2927,30000,250000,3,120000,_binary '',1017353,15,6000,35,287353,360000),(0,60000,0,300000,450,1678,1734,2014,2536,2834,2927,30000,250000,3,120000,_binary '',1980885,30,6000,36,1160885,360000),(0,60000,1,300000,120,1500,1600,1900,2400,2700,2800,30000,250000,2,120000,_binary '',1182300,25,6000,37,212300,540000),(0,60000,1,300000,120,1500,1600,1900,2400,2700,2800,30000,250000,2,120000,_binary '',1182300,25,6000,38,212300,540000),(0,60000,1,300000,160,1500,1600,1900,2400,2700,2800,30000,250000,2,120000,_binary '',1265900,25,6000,39,295900,540000),(0,60000,1,300000,150,1500,1600,1900,2400,2700,2800,30000,250000,2,120000,_binary '',1245000,25,6000,40,275000,540000),(0,60000,1,300000,200,1500,1600,1900,2400,2700,2800,30000,250000,2,120000,_binary '',1349500,25,6000,41,379500,540000),(0,60000,1,300000,150,1678,1734,2014,2536,2834,2927,30000,250000,2,120000,_binary '',1268430,25,6000,42,298430,540000),(0,60000,1,300000,100,1678,1734,2014,2536,2834,2927,30000,250000,2,120000,_binary '',1157660,25,6000,43,187660,540000),(0,60000,1,300000,200,1678,1734,2014,2536,2834,2927,30000,250000,2,120000,_binary '',1379200,25,6000,44,409200,540000),(0,60000,1,300000,190,1678,1734,2014,2536,2834,2927,30000,250000,2,120000,_binary '',1387046,30,6000,45,387046,540000),(0,60000,1,300000,160,1678,1734,2014,2536,2834,2927,30000,250000,2,120000,_binary '',1260584,20,6000,46,320584,540000),(0,60000,1,300000,150,1678,1734,2014,2536,2834,2927,30000,250000,2,120000,_binary '',1268430,25,6000,47,298430,540000),(0,60000,1,300000,200,1678,1734,2014,2536,2834,2927,30000,250000,2,120000,_binary '',1319200,15,6000,48,409200,540000),(0,60000,0,300000,50,1500,1600,1900,2400,2700,2800,30000,250000,1,120000,_binary '',530500,8,6000,49,82500,120000),(0,60000,0,300000,50,1500,1600,1900,2400,2700,2800,30000,250000,1,120000,_binary '',530500,8,6000,50,82500,120000),(0,60000,0,300000,52,1500,1600,1900,2400,2700,2800,30000,250000,1,120000,_binary '',540020,9,6000,51,86020,120000),(0,60000,0,300000,48,1500,1600,1900,2400,2700,2800,30000,250000,1,120000,_binary '',539200,10,6000,52,79200,120000),(0,60000,0,300000,0,1500,1600,1900,2400,2700,2800,30000,250000,1,120000,_binary '',442000,7,6000,53,0,120000),(0,60000,0,300000,51,1678,1734,2014,2536,2834,2927,30000,250000,1,120000,_binary '',542197,8,6000,54,94197,120000),(0,60000,0,300000,30,1678,1734,2014,2536,2834,2927,30000,250000,1,120000,_binary '',485374,5,6000,55,55374,120000),(0,60000,0,300000,39,1678,1734,2014,2536,2834,2927,30000,250000,1,120000,_binary '',525986,9,6000,56,71986,120000),(0,60000,0,300000,70,1678,1734,2014,2536,2834,2927,30000,250000,1,120000,_binary '',566438,6,6000,57,130438,120000),(0,60000,0,300000,40,1678,1734,2014,2536,2834,2927,30000,250000,1,120000,_binary '',521832,8,6000,58,73832,120000),(0,60000,0,300000,40,1678,1734,2014,2536,2834,2927,30000,250000,1,120000,_binary '',515832,7,6000,59,73832,120000),(0,60000,0,300000,30,1678,1734,2014,2536,2834,2927,30000,250000,1,120000,_binary '',485374,5,6000,60,55374,120000),(0,60000,2,300000,100,1500,1600,1900,2400,2700,2800,30000,250000,0,120000,_binary '',1140500,15,6000,61,170500,600000),(0,60000,2,300000,100,1500,1600,1900,2400,2700,2800,30000,250000,0,120000,_binary '',1140500,15,6000,62,170500,600000),(1,60000,0,300000,140,1500,1600,1900,2400,2700,2800,30000,250000,1,120000,_binary '',840100,21,6000,63,254100,180000),(1,60000,0,300000,100,1500,1600,1900,2400,2700,2800,30000,250000,1,120000,_binary '',720500,15,6000,64,170500,180000),(1,60000,0,300000,100,1500,1600,1900,2400,2700,2800,30000,250000,1,120000,_binary '',720500,15,6000,65,170500,180000),(1,60000,0,300000,100,1678,1734,2014,2536,2834,2927,30000,250000,1,120000,_binary '',737660,15,6000,66,187660,180000),(1,60000,0,300000,100,1678,1734,2014,2536,2834,2927,30000,250000,1,120000,_binary '',737660,15,6000,67,187660,180000),(1,60000,0,300000,100,1678,1734,2014,2536,2834,2927,30000,250000,1,120000,_binary '',737660,15,6000,68,187660,180000),(1,60000,0,300000,100,1678,1734,2014,2536,2834,2927,30000,250000,1,120000,_binary '',737660,15,6000,69,187660,180000),(1,60000,0,300000,100,1678,1734,2014,2536,2834,2927,30000,250000,1,120000,_binary '',737660,15,6000,70,187660,180000),(1,60000,0,300000,100,1678,1734,2014,2536,2834,2927,30000,250000,1,120000,_binary '',737660,15,6000,71,187660,180000),(1,60000,0,300000,134,1678,1734,2014,2536,2834,2927,30000,250000,1,120000,_binary '',824983,17,6000,72,262983,180000),(1,60000,0,300000,100,1500,1600,1900,2400,2700,2800,30000,250000,1,120000,_binary '',738500,18,6000,73,170500,180000),(1,60000,0,300000,60,1500,1600,1900,2400,2700,2800,30000,250000,1,120000,_binary '',596100,6,6000,74,100100,180000),(0,60000,2,300000,110,1500,1600,1900,2400,2700,2800,30000,250000,0,120000,_binary '',1191400,20,6000,75,191400,600000),(0,60000,2,300000,80,1500,1600,1900,2400,2700,2800,30000,250000,0,120000,_binary '',1069300,9,6000,76,135300,600000),(0,60000,2,300000,30,1500,1600,1900,2400,2700,2800,30000,250000,0,120000,_binary '',995500,11,6000,77,49500,600000),(0,60000,2,300000,80,1678,1734,2014,2536,2834,2927,30000,250000,0,120000,_binary '',1119512,15,6000,78,149512,600000),(0,60000,2,300000,108,1678,1734,2014,2536,2834,2927,30000,250000,0,120000,_binary '',1145383,10,6000,79,205383,600000),(0,60000,2,300000,92,1678,1734,2014,2536,2834,2927,30000,250000,0,120000,_binary '',1142400,15,6000,80,172400,600000),(0,60000,2,300000,150,1678,1734,2014,2536,2834,2927,30000,250000,0,120000,_binary '',1232430,9,6000,81,298430,600000),(0,60000,2,300000,90,1678,1734,2014,2536,2834,2927,30000,250000,0,120000,_binary '',1102586,9,6000,82,168586,600000),(0,60000,2,300000,160,1678,1734,2014,2536,2834,2927,30000,250000,0,120000,_binary '',1302584,17,6000,83,320584,600000),(0,60000,2,300000,70,1678,1734,2014,2536,2834,2927,30000,250000,0,120000,_binary '',1100438,15,6000,84,130438,600000),(1,60000,1,300000,70,1500,1600,1900,2400,2700,2800,30000,250000,0,120000,_binary '',829700,12,6000,85,117700,360000),(1,60000,1,300000,73,1500,1600,1900,2400,2700,2800,30000,250000,0,120000,_binary '',828980,11,6000,86,122980,360000),(1,60000,1,300000,97,1500,1600,1900,2400,2700,2800,30000,250000,0,120000,_binary '',877220,12,6000,87,165220,360000),(1,60000,1,300000,100,1500,1600,1900,2400,2700,2800,30000,250000,0,120000,_binary '',900500,15,6000,88,170500,360000),(1,60000,1,300000,60,1500,1600,1900,2400,2700,2800,30000,250000,0,120000,_binary '',812100,12,6000,89,100100,360000),(1,60000,1,300000,50,1678,1734,2014,2536,2834,2927,30000,250000,0,120000,_binary '\0',780290,8,6000,90,92290,360000),(1,60000,1,300000,100,1678,1734,2014,2536,2834,2927,30000,250000,0,120000,_binary '',911660,14,6000,91,187660,360000),(1,60000,1,300000,103,1678,1734,2014,2536,2834,2927,30000,250000,0,120000,_binary '',930306,16,6000,92,194306,360000),(1,60000,1,300000,117,1678,1734,2014,2536,2834,2927,30000,250000,0,120000,_binary '',937321,12,6000,93,225321,360000),(1,60000,1,300000,45,1678,1734,2014,2536,2834,2927,30000,250000,0,120000,_binary '',771061,8,6000,94,83061,360000),(1,60000,1,300000,115,1678,1734,2014,2536,2834,2927,30000,250000,0,120000,_binary '',980891,20,6000,95,220891,360000),(1,60000,1,300000,100,1678,1734,2014,2536,2834,2927,30000,250000,0,120000,_binary '',917660,15,6000,96,187660,360000),(0,60000,0,300000,150,1500,1600,1900,2400,2700,2800,30000,250000,2,120000,_binary '',933000,23,6000,97,275000,240000),(0,60000,0,300000,170,1500,1600,1900,2400,2700,2800,30000,250000,2,120000,_binary '',998800,27,6000,98,316800,240000),(0,60000,0,300000,180,1500,1600,1900,2400,2700,2800,30000,250000,2,120000,_binary '',1001700,24,6000,99,337700,240000),(0,60000,0,300000,200,1500,1600,1900,2400,2700,2800,30000,250000,2,120000,_binary '',1055500,26,6000,100,379500,240000),(0,60000,0,300000,150,1500,1600,1900,2400,2700,2800,30000,250000,3,120000,_binary '',1059000,24,6000,101,275000,360000),(0,60000,0,300000,100,1500,1600,1900,2400,2700,2800,30000,250000,3,120000,_binary '',906500,16,6000,102,170500,360000),(0,60000,0,300000,120,1500,1600,1900,2400,2700,2800,30000,250000,2,120000,_binary '',852300,20,6000,103,212300,240000),(0,60000,0,300000,180,1678,1734,2014,2536,2834,2927,30000,250000,2,120000,_binary '',1022892,23,6000,104,364892,240000),(0,60000,0,300000,168,1678,1734,2014,2536,2834,2927,30000,250000,2,120000,_binary '',1008307,25,6000,105,338307,240000),(0,60000,0,300000,132,1678,1734,2014,2536,2834,2927,30000,250000,2,120000,_binary '',880552,17,6000,106,258552,240000),(0,60000,0,300000,150,1678,1734,2014,2536,2834,2927,30000,250000,2,120000,_binary '',908430,15,6000,107,298430,240000),(0,60000,0,300000,210,1678,1734,2014,2536,2834,2927,30000,250000,2,120000,_binary '',1137096,30,6000,108,437096,240000),(0,60000,0,300000,40,1678,1734,2014,2536,2834,2927,30000,250000,2,120000,_binary '',689832,16,6000,109,73832,240000),(0,60000,0,300000,188,1678,1734,2014,2536,2834,2927,30000,250000,2,120000,_binary '',1046615,24,6000,110,382615,240000),(0,60000,0,300000,100,1500,1600,1900,2400,2700,2800,30000,250000,1,120000,_binary '',666500,16,6000,111,170500,120000),(0,60000,0,300000,80,1500,1600,1900,2400,2700,2800,30000,250000,1,120000,_binary '',619300,14,6000,112,135300,120000),(0,60000,0,300000,120,1500,1600,1900,2400,2700,2800,30000,250000,1,120000,_binary '',702300,15,6000,113,212300,120000),(0,60000,0,300000,144,1500,1600,1900,2400,2700,2800,30000,250000,1,120000,_binary '',752460,15,6000,114,262460,120000),(0,60000,0,300000,56,1500,1600,1900,2400,2700,2800,30000,250000,1,120000,_binary '',541060,8,6000,115,93060,120000),(0,60000,0,300000,100,1678,1734,2014,2536,2834,2927,30000,250000,1,120000,_binary '',659660,12,6000,116,187660,120000),(0,60000,0,300000,130,1678,1734,2014,2536,2834,2927,30000,250000,1,120000,_binary '',726122,12,6000,117,254122,120000),(0,60000,0,300000,70,1678,1734,2014,2536,2834,2927,30000,250000,1,120000,_binary '',578438,8,6000,118,130438,120000),(0,60000,0,300000,90,1678,1734,2014,2536,2834,2927,30000,250000,1,120000,_binary '',664586,16,6000,119,168586,120000),(0,60000,0,300000,110,1678,1734,2014,2536,2834,2927,30000,250000,1,120000,_binary '',693814,14,6000,120,209814,120000),(0,60000,0,300000,90,1678,1734,2014,2536,2834,2927,30000,250000,1,120000,_binary '',652586,14,6000,121,168586,120000),(0,60000,0,300000,110,1678,1734,2014,2536,2834,2927,30000,250000,1,120000,_binary '',705814,16,6000,122,209814,120000),(0,60000,0,300000,150,1500,1600,1900,2400,2700,2800,30000,250000,3,120000,_binary '',1059000,24,6000,123,275000,360000),(0,60000,0,300000,150,1500,1600,1900,2400,2700,2800,30000,250000,3,120000,_binary '',1059000,24,6000,124,275000,360000),(0,60000,0,300000,120,1500,1600,1900,2400,2700,2800,30000,250000,3,120000,_binary '',924300,12,6000,125,212300,360000),(0,60000,0,300000,180,1500,1600,1900,2400,2700,2800,30000,250000,3,120000,_binary '',1127700,25,6000,126,337700,360000),(0,60000,0,300000,110,1500,1600,1900,2400,2700,2800,30000,250000,3,120000,_binary '',939400,18,6000,127,191400,360000),(0,60000,0,300000,170,1678,1734,2014,2536,2834,2927,30000,250000,3,120000,_binary '',1114738,22,6000,128,342738,360000),(0,60000,0,300000,120,1678,1734,2014,2536,2834,2927,30000,250000,3,120000,_binary '',1021968,25,6000,129,231968,360000),(0,60000,0,300000,200,1678,1734,2014,2536,2834,2927,30000,250000,3,120000,_binary '',1199200,25,6000,130,409200,360000),(0,60000,0,300000,150,1678,1734,2014,2536,2834,2927,30000,250000,3,120000,_binary '',1088430,25,6000,131,298430,360000),(0,60000,0,300000,154,1678,1734,2014,2536,2834,2927,30000,250000,3,120000,_binary '',1091291,24,6000,132,307291,360000),(0,60000,0,300000,196,1678,1734,2014,2536,2834,2927,30000,250000,3,120000,_binary '',1196338,26,6000,133,400338,360000),(0,60000,0,300000,200,1678,1734,2014,2536,2834,2927,30000,250000,3,120000,_binary '',1169200,20,6000,134,409200,360000),(0,60000,0,300000,150,1500,1600,1900,2400,2700,2800,30000,250000,3,120000,_binary '',1059000,24,6000,135,275000,360000),(0,60000,0,300000,166,1500,1600,1900,2400,2700,2800,30000,250000,3,120000,_binary '',1104440,26,6000,136,308440,360000),(0,60000,0,300000,134,1500,1600,1900,2400,2700,2800,30000,250000,3,120000,_binary '',1019560,23,6000,137,241560,360000),(0,60000,0,300000,150,1678,1734,2014,2536,2834,2927,30000,250000,3,120000,_binary '',1100430,27,6000,138,298430,360000),(0,60000,0,300000,150,1678,1734,2014,2536,2834,2927,30000,250000,3,120000,_binary '',1094430,26,6000,139,298430,360000),(0,60000,0,300000,140,1678,1734,2014,2536,2834,2927,30000,250000,3,120000,_binary '',1030276,19,6000,140,276276,360000),(0,60000,0,300000,160,1678,1734,2014,2536,2834,2927,30000,250000,3,120000,_binary '',1050584,15,6000,141,320584,360000),(0,60000,0,300000,144,1678,1734,2014,2536,2834,2927,30000,250000,3,120000,_binary '',1057137,22,6000,142,285137,360000),(0,60000,0,300000,122,1678,1734,2014,2536,2834,2927,30000,250000,3,120000,_binary '',984398,18,6000,143,236398,360000),(0,60000,0,300000,211,1678,1734,2014,2536,2834,2927,30000,250000,3,120000,_binary '',1229885,25,6000,144,439885,360000),(0,60000,0,300000,50,1500,1600,1900,2400,2700,2800,30000,250000,1,120000,_binary '\0',530500,8,6000,145,82500,120000),(0,60000,0,300000,50,1500,1600,1900,2400,2700,2800,30000,250000,1,120000,_binary '',530500,8,6000,146,82500,120000),(0,60000,0,300000,40,1500,1600,1900,2400,2700,2800,30000,250000,1,120000,_binary '',502000,6,6000,147,66000,120000),(0,60000,0,300000,60,1500,1600,1900,2400,2700,2800,30000,250000,1,120000,_binary '',548100,8,6000,148,100100,120000),(0,60000,0,300000,30,1500,1600,1900,2400,2700,2800,30000,250000,1,120000,_binary '',479500,5,6000,149,49500,120000),(0,60000,0,300000,70,1678,1734,2014,2536,2834,2927,30000,250000,1,120000,_binary '',572438,7,6000,150,130438,120000),(0,60000,0,300000,50,1678,1734,2014,2536,2834,2927,30000,250000,1,120000,_binary '',540290,8,6000,151,92290,120000),(0,60000,0,300000,50,1678,1734,2014,2536,2834,2927,30000,250000,1,120000,_binary '',528290,6,6000,152,92290,120000),(0,60000,0,300000,50,1678,1734,2014,2536,2834,2927,30000,250000,1,120000,_binary '',528290,6,6000,153,92290,120000),(0,60000,0,300000,60,1678,1734,2014,2536,2834,2927,30000,250000,1,120000,_binary '',559364,8,6000,154,111364,120000),(0,60000,0,300000,20,1678,1734,2014,2536,2834,2927,30000,250000,1,120000,_binary '',454916,3,6000,155,36916,120000),(0,60000,0,300000,50,1678,1734,2014,2536,2834,2927,30000,250000,1,120000,_binary '',534290,7,6000,156,92290,120000),(0,60000,0,300000,50,1500,1600,1900,2400,2700,2800,30000,250000,1,120000,_binary '',530500,8,6000,157,82500,120000),(0,60000,0,300000,50,1500,1600,1900,2400,2700,2800,30000,250000,1,120000,_binary '',530500,8,6000,158,82500,120000),(0,60000,0,300000,40,1500,1600,1900,2400,2700,2800,30000,250000,1,120000,_binary '',514000,8,6000,159,66000,120000),(0,60000,0,300000,60,1500,1600,1900,2400,2700,2800,30000,250000,1,120000,_binary '',536100,6,6000,160,100100,120000),(0,60000,0,300000,50,1500,1600,1900,2400,2700,2800,30000,250000,1,120000,_binary '',530500,8,6000,161,82500,120000),(0,60000,0,300000,40,1678,1734,2014,2536,2834,2927,30000,250000,1,120000,_binary '',509832,6,6000,162,73832,120000),(0,60000,0,300000,60,1678,1734,2014,2536,2834,2927,30000,250000,1,120000,_binary '',607364,16,6000,163,111364,120000),(0,60000,0,300000,50,1678,1734,2014,2536,2834,2927,30000,250000,1,120000,_binary '',540290,8,6000,164,92290,120000),(0,60000,0,300000,30,1678,1734,2014,2536,2834,2927,30000,250000,1,120000,_binary '',479374,4,6000,165,55374,120000),(0,60000,0,300000,70,1678,1734,2014,2536,2834,2927,30000,250000,1,120000,_binary '',578438,8,6000,166,130438,120000),(0,60000,0,300000,150,1678,1734,2014,2536,2834,2927,30000,250000,1,120000,_binary '',758430,10,6000,167,298430,120000),(0,60000,0,300000,50,1678,1734,2014,2536,2834,2927,30000,250000,1,120000,_binary '',522290,5,6000,168,92290,120000),(0,60000,1,300000,100,1500,1600,1900,2400,2700,2800,30000,250000,1,120000,_binary '',966500,16,6000,169,170500,420000),(0,60000,1,300000,100,1500,1600,1900,2400,2700,2800,30000,250000,1,120000,_binary '',966500,16,6000,170,170500,420000),(0,60000,1,300000,80,1500,1600,1900,2400,2700,2800,30000,250000,1,120000,_binary '',895300,10,6000,171,135300,420000),(0,60000,1,300000,90,1500,1600,1900,2400,2700,2800,30000,250000,1,120000,_binary '',900900,8,6000,172,152900,420000),(0,60000,1,300000,130,1500,1600,1900,2400,2700,2800,30000,250000,1,120000,_binary '',1029200,16,6000,173,233200,420000),(0,60000,1,300000,100,1678,1734,2014,2536,2834,2927,30000,250000,1,120000,_binary '',965660,13,6000,174,187660,420000),(0,60000,1,300000,110,1678,1734,2014,2536,2834,2927,30000,250000,1,120000,_binary '',1035814,21,6000,175,209814,420000),(0,60000,1,300000,90,1678,1734,2014,2536,2834,2927,30000,250000,1,120000,_binary '',964586,16,6000,176,168586,420000),(0,60000,1,300000,120,1678,1734,2014,2536,2834,2927,30000,250000,1,120000,_binary '',1027968,16,6000,177,231968,420000),(0,60000,1,300000,80,1678,1734,2014,2536,2834,2927,30000,250000,1,120000,_binary '',909512,10,6000,178,149512,420000),(0,60000,1,300000,113,1678,1734,2014,2536,2834,2927,30000,250000,1,120000,_binary '',1024460,18,6000,179,216460,420000),(0,60000,1,300000,87,1678,1734,2014,2536,2834,2927,30000,250000,1,120000,_binary '',940863,13,6000,180,162863,420000),(1,60000,1,300000,150,1500,1600,1900,2400,2700,2800,30000,250000,1,120000,_binary '',1179000,24,6000,181,275000,480000),(1,60000,1,300000,120,1500,1600,1900,2400,2700,2800,30000,250000,1,120000,_binary '',1068300,16,6000,182,212300,480000),(1,60000,1,300000,130,1500,1600,1900,2400,2700,2800,30000,250000,1,120000,_binary '',1113200,20,6000,183,233200,480000),(1,60000,1,300000,180,1500,1600,1900,2400,2700,2800,30000,250000,1,120000,_binary '',1241700,24,6000,184,337700,480000),(1,60000,1,300000,120,1500,1600,1900,2400,2700,2800,30000,250000,1,120000,_binary '',1086300,19,6000,185,212300,480000),(1,60000,1,300000,140,1678,1734,2014,2536,2834,2927,30000,250000,1,120000,_binary '',1180276,24,6000,186,276276,480000),(1,60000,1,300000,160,1678,1734,2014,2536,2834,2927,30000,250000,1,120000,_binary '',1188584,18,6000,187,320584,480000),(1,60000,1,300000,170,1678,1734,2014,2536,2834,2927,30000,250000,1,120000,_binary '',1246738,24,6000,188,342738,480000),(1,60000,1,300000,130,1678,1734,2014,2536,2834,2927,30000,250000,1,120000,_binary '',1200122,31,6000,189,254122,480000),(1,60000,1,300000,150,1678,1734,2014,2536,2834,2927,30000,250000,1,120000,_binary '',1202430,24,6000,190,298430,480000),(1,60000,1,300000,216,1678,1734,2014,2536,2834,2927,30000,250000,1,120000,_binary '',1369833,26,6000,191,453833,480000),(1,60000,1,300000,134,1678,1734,2014,2536,2834,2927,30000,250000,1,120000,_binary '',1142983,20,6000,192,262983,480000);
/*!40000 ALTER TABLE `bills` ENABLE KEYS */;
UNLOCK TABLES;

--
-- Table structure for table `contacts`
--

DROP TABLE IF EXISTS `contacts`;
/*!40101 SET @saved_cs_client     = @@character_set_client */;
/*!50503 SET character_set_client = utf8mb4 */;
CREATE TABLE `contacts` (
  `id` int NOT NULL AUTO_INCREMENT,
  `account_number` varchar(13) NOT NULL,
  `address` varchar(100) NOT NULL,
  `bank` varchar(100) NOT NULL,
  `email` varchar(100) NOT NULL,
  `name` varchar(100) NOT NULL,
  `phone` varchar(11) NOT NULL,
  PRIMARY KEY (`id`)
) ENGINE=InnoDB DEFAULT CHARSET=utf8;
/*!40101 SET character_set_client = @saved_cs_client */;

--
-- Dumping data for table `contacts`
--

LOCK TABLES `contacts` WRITE;
/*!40000 ALTER TABLE `contacts` DISABLE KEYS */;
/*!40000 ALTER TABLE `contacts` ENABLE KEYS */;
UNLOCK TABLES;

--
-- Table structure for table `employees`
--

DROP TABLE IF EXISTS `employees`;
/*!40101 SET @saved_cs_client     = @@character_set_client */;
/*!50503 SET character_set_client = utf8mb4 */;
CREATE TABLE `employees` (
  `id` int NOT NULL AUTO_INCREMENT,
  `address` varchar(255) NOT NULL,
  `birthday` date NOT NULL,
  `email` varchar(255) NOT NULL,
  `full_name` varchar(50) NOT NULL,
  `gender` bit(1) NOT NULL,
  `identitycard` varchar(12) NOT NULL,
  `image` varchar(50) DEFAULT NULL,
  `password` varchar(120) NOT NULL,
  `phone` varchar(11) NOT NULL,
  `username` varchar(20) NOT NULL,
  PRIMARY KEY (`id`),
  UNIQUE KEY `UK_6mm69pipdd48iowl9llnt2kkn` (`identitycard`),
  UNIQUE KEY `UK_3gqbimdf7fckjbwt1kcud141m` (`username`)
) ENGINE=InnoDB AUTO_INCREMENT=4 DEFAULT CHARSET=utf8;
/*!40101 SET character_set_client = @saved_cs_client */;

--
-- Dumping data for table `employees`
--

LOCK TABLES `employees` WRITE;
/*!40000 ALTER TABLE `employees` DISABLE KEYS */;
INSERT INTO `employees` VALUES (1,'Thanh Hóa','1995-08-17','thaittps08530@gmail.com','Trịnh Trọng Thái',_binary '','174789488','admin1.jpg','$2a$10$LsEAIACZD23ISRASsjBTuerIjx5eicI4JPXn.28BNxIIOwJbl71Zu','0333050755','admin'),(2,'Gò Vấp','1998-01-01','tungtung@gmail.com','Nguyễn Đức Tùng',_binary '\0','264578998','admin2.jpg','$2a$10$3pDH/i3DPkwTcBaLYzjNWe/VaHy7BH.QkdLuJ3oI.dB3dZivkCUS6','0366786788','tungql'),(3,'Phú Nhuận','1996-01-01','tritri@gmail.com','Huỳnh Long Minh Trí',_binary '\0','378987786','admin3.jpg','$2a$10$1ZiY8wXBtvw8eEi5H2SFC.jkTNaqzXTsrB8qlvTj3naWh9B3Ek0Ai','0341234567','triql');
/*!40000 ALTER TABLE `employees` ENABLE KEYS */;
UNLOCK TABLES;

--
-- Table structure for table `notifications`
--

DROP TABLE IF EXISTS `notifications`;
/*!40101 SET @saved_cs_client     = @@character_set_client */;
/*!50503 SET character_set_client = utf8mb4 */;
CREATE TABLE `notifications` (
  `id` int NOT NULL AUTO_INCREMENT,
  `content` varchar(20000) NOT NULL,
  `date` date NOT NULL,
  `description` varchar(1000) NOT NULL,
  `image` varchar(255) DEFAULT NULL,
  `title` varchar(255) NOT NULL,
  `id_employee` int NOT NULL,
  PRIMARY KEY (`id`),
  KEY `FKgtcv7ej0wpq8rl3y7m2p5f0wy` (`id_employee`),
  CONSTRAINT `FKgtcv7ej0wpq8rl3y7m2p5f0wy` FOREIGN KEY (`id_employee`) REFERENCES `employees` (`id`)
) ENGINE=InnoDB AUTO_INCREMENT=14 DEFAULT CHARSET=utf8;
/*!40101 SET character_set_client = @saved_cs_client */;

--
-- Dumping data for table `notifications`
--

LOCK TABLES `notifications` WRITE;
/*!40000 ALTER TABLE `notifications` DISABLE KEYS */;
INSERT INTO `notifications` VALUES (1,'<p style=\"text-align:center\">&nbsp;</p>\n\n<p><span style=\"color:#000000\"><strong><span style=\"font-size:16px\">Đầu ti&ecirc;n Qu&yacute; Anh Chị cần mang theo:</span></strong><br />\n<span style=\"font-size:14px\">- Hợp đồng mua b&aacute;n, phụ lục hợp đồng (c&oacute; ghi chi tiết c&aacute;c thiết bị của chủ đầu tư khi b&agrave;n giao căn hộ)<br />\n- T&ocirc; v&iacute;t nhỏ, b&uacute;t thử điện hoặc đ&egrave;n ngủ loại cắm trực tiếp được v&agrave;o ổ cắm<br />\n- Thước d&acirc;y loại cứng, thước kẻ 30cm, b&uacute;t bi</span></span></p>\n\n<p style=\"text-align:center\"><iframe frameborder=\"0\" height=\"450px\" scrolling=\"no\" src=\"https://drive.google.com/file/d/10dC1xEmO-pbliJ9yjwzHJHiJ-jJCwhE5/preview\" width=\"800px\"></iframe></p>\n\n<p><span style=\"color:#000000\"><strong><span style=\"font-size:16px\">C&aacute;c hạng mục cần kiểm tra:</span></strong></span></p>\n\n<p><span style=\"color:#000000\"><strong><span style=\"font-size:16px\">Đối với hệ thống điện : Anh Chị bật cầu giao theo thứ tự (Cầu giao tổng - bật tất cả c&ocirc;ng t&aacute;c đ&egrave;n - c&ocirc;ng tắc điều h&ograve;a )</span></strong></span></p>\n\n<p><span style=\"color:#000000\"><span style=\"font-size:14px\">- Bật c&aacute;c &aacute;t c&ograve;n lại: d&ugrave;ng b&uacute;t thử điện kiểm tra c&aacute;c ổ cắm, nghe tiếng quạt h&uacute;t m&ugrave;i nh&agrave; vệ sinh c&oacute; ồn kh&ocirc;ng?<br />\n- Kiểm tra đầu chờ ống đồng điều h&ograve;a c&oacute; được bịt k&iacute;n chưa<br />\n- Kiểm tra c&oacute; đủ đầu chờ internet, truyền h&igrave;nh c&aacute;p ở ph&ograve;ng kh&aacute;ch, ph&ograve;ng ngủ kh&ocirc;ng</span></span></p>\n\n<p><span style=\"color:#000000\"><strong><span style=\"font-size:16px\">Đối với hệ thống nước:</span></strong></span></p>\n\n<p><span style=\"color:#000000\"><span style=\"font-size:14px\">- Bật van n&oacute;ng v&agrave; lạnh<br />\n- Cấp nước: kiểm tra vị tr&iacute; van tổng, mở v&ograve;i v&agrave; c&aacute;c đầu cấp nước, xả nước ở bồn vệ sinh, hứng nước v&agrave;o x&ocirc; chậu đổ ra s&agrave;n vệ sinh, ban c&ocirc;ng để xem tho&aacute;t nước c&oacute; tốt kh&ocirc;ng, s&agrave;n c&oacute; bị v&ecirc;nh kh&ocirc;ng đủ dốc?<br />\n- Chống thấm: kiểm tra bằng mắt thường c&aacute;c vị tr&iacute; ch&acirc;n tường vệ sinh, ban c&ocirc;ng, hộp kỹ thuật<br />\n- Đo chiều cao của đầu chờ ống nước ngưng từ trần nh&agrave; xuống, tối thiểu l&agrave; 30cm nếu nhỏ hơn sau sẽ kh&ocirc;ng lắm được mặt lạnh của điều h&ograve;a.<br />\n- Đường ống tho&aacute;t nước điều h&ograve;a c&oacute; cao hơn đường gas kh&ocirc;ng? Nếu cao hơn th&igrave; cần chỉnh lại nếu kh&ocirc;ng l&uacute;c sử dụng nước sẽ bị chảy ngược v&agrave;o trong nh&agrave;.</span></span></p>\n\n<p><span style=\"color:#000000\"><strong><span style=\"font-size:16px\">C&aacute;c trang thiết bị kh&aacute;c:</span></strong></span></p>\n\n<p><span style=\"color:#000000\"><span style=\"font-size:14px\">- Cửa ch&iacute;nh v&agrave; c&aacute;c cửa ngăn ph&ograve;ng: đ&oacute;ng mở kh&oacute;a thử, kiểm tra c&aacute;c thanh trượt, nẹp cửa, keo ở c&aacute;c khung cửa, cửa đ&oacute;ng c&oacute; kh&iacute;t, cong v&ecirc;nh đ&acirc;u kh&ocirc;ng?<br />\n- Gạch: gạch ốp ch&acirc;n tường v&agrave; vệ sinh hay bị bong tr&oacute;c - Tường: d&ugrave;ng đ&egrave;n pin chiếu s&aacute;t tường kiểm tra độ phẳng của tường<br />\n- Trần: nh&igrave;n xem c&oacute; phẳng, nếu chủ đầu tư b&agrave;n giao l&agrave; c&oacute; trần thạch cao kiểm tra xem c&oacute; đ&uacute;ng kh&ocirc;ng?<br />\n- Lan can: lay lắc thử xem c&oacute; chắc chắn kh&ocirc;ng?<br />\n- Kiểm tra qua nắp thăm trần nh&agrave; vệ sinh xem đầu h&uacute;t m&ugrave;i nh&agrave; vệ sinh c&oacute; đấu nối chưa?</span></span></p>\n\n<p><span style=\"color:#000000\"><strong><span style=\"font-size:16px\">Hồ sơ chủ đầu tư cần cung cấp:</span></strong></span></p>\n\n<p><span style=\"color:#000000\"><span style=\"font-size:14px\">- Bản vẽ ho&agrave;n c&ocirc;ng c&oacute; đủ dấu đỏ c&aacute;c b&ecirc;n: &iacute;t nhất l&agrave; của chủ đầu tư, nh&agrave; thầu v&agrave; gi&aacute;m s&aacute;t thi c&ocirc;ng<br />\n- Bi&ecirc;n bản nghiệm thu ho&agrave;n th&agrave;nh c&ocirc;ng tr&igrave;nh đưa v&agrave;o sử dụng<br />\n- Bi&ecirc;n bản nghiệm thu ph&ograve;ng ch&aacute;y chữa ch&aacute;y<br />\n- Bi&ecirc;n bản b&agrave;n giao căn hộ<br />\n- Chốt c&ocirc;ng tơ điện, nước (nếu c&oacute;), nhận ch&igrave;a kh&oacute;a cửa ch&iacute;nh v&agrave; c&aacute;c cửa ph&ograve;ng ngủ, vệ sinh. Kiểm tra nguồn nước cũng l&agrave; c&aacute;i cần phải để &yacute;​</span></span></p>\n\n<p><span style=\"color:#c0392b\"><span style=\"font-size:14px\">Một lưu &yacute; cuối đ&oacute; l&agrave; thời gian b&agrave;n giao thường kh&ocirc;ng nhiều tầm hơn 1 tiếng n&ecirc;n nếu c&oacute; thể n&ecirc;n rủ th&ecirc;m v&agrave;i người c&ugrave;ng đi nhận b&agrave;n giao, mỗi người xem x&eacute;t 1 khu vực để đảm bảo vừa nhanh vừa hiệu quả! Th&ocirc;ng thường trong phụ lục của hợp đồng mua b&aacute;n căn hộ sẽ c&oacute; ghi chi tiết về c&aacute;c trang thiết bị b&agrave;n giao k&egrave;m theo căn hộ, ch&uacute;ng ta c&oacute; thể dựa v&agrave;o đ&oacute; l&agrave;m căn cứ ch&iacute;nh khi nhận b&agrave;n giao.</span></span></p>\n','2020-02-11','Mỗi người xem xét 1 khu vực để đảm bảo vừa nhanh vừa hiệu quả! Thông thường trong phụ lục của hợp đồng mua bán căn hộ sẽ có ghi chi tiết về các trang thiết bị bàn giao kèm theo căn hộ, chúng ta có thể dựa vào đó [...]','https://drive.google.com/uc?id=1bg1kke8VdydqxYz6dWy-xdINZPXKaLli','Kinh nghiệm nhận nhà, tham khảo dành cho quý anh chị cư dân Vinhomes Grand Park',3),(2,'<p><span style=\"color:#000000\"><span style=\"font-size:18px\"><strong><em>Theo Ph&oacute; thủ tướng Vũ Đức Đam, Việt Nam đ&atilde; bước v&agrave;o giai đoạn 2 của cuộc chiến ph&ograve;ng, chống dịch COVID-19 khi ca bệnh thứ 17 xuất hiện.</em></strong></span></span></p>\n\n<p><span style=\"color:#000000\"><span style=\"font-size:18px\"><strong><em>Đ&acirc;y l&agrave; giai đoạn kh&oacute; khăn hơn khi dịch COVID-19 hiện nay đ&atilde; lan ra hơn 100 nước, n&ecirc;n phải ngăn chặn dịch bệnh từ trăm ngả kh&aacute;c nhau. Mặt kh&aacute;c, Coronavirus chủng mới cũng đ&atilde; x&acirc;m nhập v&agrave;o nước ta v&agrave; đang &ldquo;&acirc;m thầm mai phục&rdquo;.&nbsp;</em></strong></span></span></p>\n\n<p><span style=\"color:#000000\"><span style=\"font-size:14px\">Ch&iacute;nh v&igrave; vậy, để hỗ trợ cho c&ocirc;ng t&aacute;c ph&ograve;ng dịch, từ ng&agrave;y 10/03/2020, Việt Nam ch&iacute;nh thức thực hiện &ldquo;Khai b&aacute;o y tế to&agrave;n d&acirc;n&rdquo;. Từ dữ liệu thu thập được,&nbsp;hệ thống y tế Việt Nam sẽ biết được c&aacute;c trường hợp cần ch&uacute; &yacute; để bảo đảm hỗ trợ y tế nhanh nhất v&agrave; hiệu quả nhất c&oacute; thể.</span></span></p>\n\n<p><span style=\"color:#000000\"><span style=\"font-size:14px\">Đồng h&agrave;nh c&ugrave;ng Bộ Y tế, mong muốn gi&uacute;p Cư d&acirc;n tham gia &ldquo;Khai b&aacute;o y tế to&agrave;n d&acirc;n&rdquo; đơn giản v&agrave; dễ d&agrave;ng nhất, VinID triển khai khai b&aacute;o y tế cho Cư d&acirc;n Vinhomes ngay tr&ecirc;n Ứng dụng VinID.</span></span></p>\n\n<p><span style=\"color:#000000\"><span style=\"font-size:14px\"><strong>Để tiến h&agrave;nh khai b&aacute;o y tế, Cư d&acirc;n vui l&ograve;ng l&agrave;m theo c&aacute;c bước như sau:</strong></span></span></p>\n\n<p><span style=\"color:#000000\"><span style=\"font-size:14px\"><strong>Bước 1:</strong>&nbsp;Tải Ứng dụng VinID hoặc cập nhật Ứng dụng phi&ecirc;n bản mới nhất</span></span></p>\n\n<p style=\"text-align:center\"><span style=\"color:#000000\"><iframe frameborder=\"0\" height=\"350\" scrolling=\"no\" src=\"https://drive.google.com/file/d/15IQBR2EsqAX4HeqU1pYucMs2jDqjChj5/preview\" width=\"200\"></iframe></span></p>\n\n<p><span style=\"color:#000000\"><span style=\"font-size:14px\"><strong>Bước 2:</strong>&nbsp;Đăng k&yacute;/Đăng nhập t&iacute;nh năng Vinhomes bằng số điện thoại trong nh&acirc;n khẩu tại Vinhomes</span></span></p>\n\n<p style=\"text-align:center\"><span style=\"color:#000000\"><iframe frameborder=\"0\" height=\"350\" scrolling=\"no\" src=\"https://drive.google.com/file/d/1uo2mmXN5p9dN88wj31r0iAzj4Rzhxh1V/preview\" width=\"200\"></iframe></span></p>\n\n<p><span style=\"color:#000000\"><span style=\"font-size:14px\"><strong>Bước 3:</strong>&nbsp;Chọn biểu tượng&nbsp;<strong>&ldquo;Vinhomes&rdquo;</strong>&nbsp;tr&ecirc;n m&agrave;n h&igrave;nh ch&iacute;nh của Ứng dụng VinID</span></span></p>\n\n<p style=\"text-align:center\"><span style=\"color:#000000\"><iframe frameborder=\"0\" height=\"350\" scrolling=\"no\" src=\"https://drive.google.com/file/d/1xVWCMlRgOWUxHvBvmabJEOtj9fOx-HgF/preview\" width=\"200\"></iframe></span></p>\n\n<p><span style=\"color:#000000\"><span style=\"font-size:14px\"><strong>Bước 4:</strong>&nbsp;Nhấp v&agrave;o ảnh chương tr&igrave;nh&nbsp;<strong>&ldquo;Khai b&aacute;o y tế&rdquo;</strong></span></span></p>\n\n<p style=\"text-align:center\"><span style=\"color:#000000\"><strong><iframe frameborder=\"0\" height=\"350\" scrolling=\"no\" src=\"https://drive.google.com/file/d/1bLz6ihdHZZRjrQZcaPzekOOV9YuZcMX3/preview\" width=\"200\"></iframe></strong></span></p>\n\n<p><span style=\"color:#000000\"><span style=\"font-size:14px\"><strong>Bước 5:</strong>&nbsp;Điền th&ocirc;ng tin tr&ecirc;n tờ khai b&aacute;o, nhấn&nbsp;<strong>&ldquo;Gửi&rdquo;</strong>&nbsp;để ho&agrave;n th&agrave;nh</span></span></p>\n\n<p style=\"text-align:center\"><span style=\"color:#000000\"><iframe frameborder=\"0\" height=\"350\" scrolling=\"no\" src=\"https://drive.google.com/file/d/1J-iys4SI82Hg2oIAwjn4FIy8_RZMGMAs/preview\" width=\"200\"></iframe></span></p>\n\n<p style=\"text-align:justify\"><span style=\"color:#000000\"><span style=\"font-size:14px\"><span style=\"background-color:#ffffff\"><span style=\"font-family:Arial\"><span style=\"font-size:12pt\"><span style=\"font-family:arial,helvetica,sans-serif\">Chỉ cần d&agrave;nh ra v&agrave;i ph&uacute;t, Qu&yacute; Cư d&acirc;n đ&atilde; g&oacute;p phần chung tay gi&uacute;p Việt Nam nhanh ch&oacute;ng đẩy l&ugrave;i dịch COVID-19, cũng như g&oacute;p phần chung tay bảo vệ sức khỏe cho ch&iacute;nh bản th&acirc;n v&agrave; cộng đồng.&nbsp;</span></span></span></span></span></span></p>\n\n<p style=\"text-align:start\"><span style=\"color:#c0392b\"><span style=\"font-size:14px\"><span style=\"font-family:Arial\"><span style=\"background-color:#ffffff\"><span style=\"font-family:arial,helvetica,sans-serif\"><strong><em><u><span style=\"font-size:12pt\">Lưu &yacute;:</span></u></em></strong></span></span></span></span></span></p>\n\n<ul>\n	<li style=\"text-align:-webkit-match-parent\"><span style=\"color:#c0392b\"><span style=\"font-size:12pt\"><span style=\"font-family:arial,helvetica,sans-serif\"><em>Đ&acirc;y l&agrave; chương tr&igrave;nh khai b&aacute;o y tế của VinID d&agrave;nh cho người d&ugrave;ng VinID. Mọi th&ocirc;ng tin khai b&aacute;o sẽ được bảo mật tuyệt đối v&agrave; được chuyển cho cơ quan quản l&yacute; nh&agrave; nước c&oacute; thẩm quyền như một phần của dữ liệu khai b&aacute;o y tế quốc gia, phục vụ cho mục đ&iacute;ch ph&ograve;ng chống dịch bệnh. Người d&ugrave;ng VinID c&oacute; thể giới thiệu người th&acirc;n, bạn b&egrave; đăng nhập ứng dụng v&agrave; khai b&aacute;o hoặc thực hiện khai b&aacute;o th&ocirc;ng tin hộ người th&acirc;n, bạn b&egrave; th&ocirc;ng qua phần &ldquo;Khai hộ&rdquo;.</em></span></span></span></li>\n	<li style=\"text-align:-webkit-match-parent\"><span style=\"color:#c0392b\"><span style=\"font-size:12pt\"><span style=\"font-family:arial,helvetica,sans-serif\"><em>Trong trường hợp khai b&aacute;o th&ocirc;ng tin y tế của ch&iacute;nh m&igrave;nh, bằng việc ấn &ldquo;Gửi&rdquo;, người d&ugrave;ng đồng &yacute; VinID c&oacute; quyền chia sẻ th&ocirc;ng tin cho c&aacute;c cơ quan quản l&yacute; nh&agrave; nước c&oacute; thẩm quyền theo quy định ph&aacute;p luật (bao gồm Bộ Y Tế, Bộ Th&ocirc;ng tin v&agrave; Truyền th&ocirc;ng v&agrave; c&aacute;c cơ quan nh&agrave; nước c&oacute; li&ecirc;n quan kh&aacute;c).</em></span></span></span></li>\n	<li style=\"text-align:-webkit-match-parent\"><span style=\"color:#c0392b\"><span style=\"font-size:12pt\"><span style=\"font-family:arial,helvetica,sans-serif\"><em>Trong trường hợp khai hộ người kh&aacute;c, người d&ugrave;ng c&oacute; mọi tr&aacute;ch nhiệm đảm bảo t&iacute;nh ch&iacute;nh x&aacute;c, to&agrave;n vẹn, x&aacute;c thực của th&ocirc;ng tin, đảm bảo đ&atilde; c&oacute; to&agrave;n bộ sự đồng &yacute; cần thiết của người được khai hộ về việc cung cấp th&ocirc;ng tin của người đ&oacute; v&agrave; cho ph&eacute;p VinID c&oacute; quyền chia sẻ th&ocirc;ng tin cho c&aacute;c cơ quan quản l&yacute; nh&agrave; nước c&oacute; thẩm quyền theo quy định ph&aacute;p luật (bao gồm Bộ Y Tế, Bộ Th&ocirc;ng tin v&agrave; Truyền th&ocirc;ng v&agrave; c&aacute;c cơ quan nh&agrave; nước c&oacute; li&ecirc;n quan kh&aacute;c).</em></span></span></span></li>\n</ul>\n','2020-03-20','VinID triển khai Khai báo y tế cho Cư dân Vinhomes[...]','https://drive.google.com/uc?id=1oU62JjdCXCWys-3h1KcRmxYarL5dpvsA','VinID triển khai Khai báo y tế cho Cư dân Vinhomes',3),(3,'<p><span style=\"color:#000000\"><span style=\"font-size:18px\"><strong>Khi nhận b&agrave;n giao nh&agrave; chung cư, người mua cần đo đạc lại diện t&iacute;ch căn hộ để đảm bảo đ&uacute;ng v&agrave; đủ diện t&iacute;ch như trong hợp đồng giao kết với chủ đầu tư.</strong></span></span></p>\n\n<p><span style=\"color:#000000\"><span style=\"font-size:14px\">Theo Th&ocirc;ng tư 03/2014/TT-BXD, diện t&iacute;ch sử dụng căn hộ chung cư thương mại được t&iacute;nh theo&nbsp;<em>k&iacute;ch thước th&ocirc;ng thủy</em>, bao gồm cả phần diện t&iacute;ch tường ngăn c&aacute;c ph&ograve;ng b&ecirc;n trong căn hộ v&agrave; diện t&iacute;ch ban c&ocirc;ng, l&ocirc; gia (nếu c&oacute;) gắn liền với căn hộ đ&oacute;, kh&ocirc;ng t&iacute;nh tường bao ng&ocirc;i nh&agrave;, tường ph&acirc;n chia c&aacute;c căn hộ, diện t&iacute;ch s&agrave;n c&oacute; cột, hộp kỹ thuật nằm b&ecirc;n trong căn hộ.</span></span></p>\n\n<p><span style=\"color:#000000\"><span style=\"font-size:14px\">Khi t&iacute;nh diện t&iacute;ch ban c&ocirc;ng th&igrave; t&iacute;nh to&agrave;n bộ diện t&iacute;ch s&agrave;n, trường hợp ban c&ocirc;ng c&oacute; phần diện t&iacute;ch tường chung th&igrave; t&iacute;nh từ m&eacute;p trong của tường chung.</span></span></p>\n\n<p><span style=\"color:#000000\"><span style=\"font-size:14px\">T&oacute;m lại, c&ocirc;ng thức t&iacute;nh diện t&iacute;ch căn hộ chung cư như sau:</span></span></p>\n\n<p style=\"text-align:center\"><span style=\"color:#000000\"><iframe frameborder=\"0\" height=\"450\" scrolling=\"no\" src=\"https://drive.google.com/file/d/13rsXy1ReVPQng6uwN4JN4vuMbaclUOrM/preview\" width=\"800\"></iframe></span></p>\n\n<p><span style=\"color:#000000\"><span style=\"font-size:14px\">Tại điểm b, khoản 1 Điều 2 của Mẫu hợp đồng mua b&aacute;n căn hộ chung cư ban h&agrave;nh k&egrave;m theo Th&ocirc;ng tư 03/2014/TT-BXD c&oacute; quy định: Diện t&iacute;ch th&ocirc;ng thủy chỉ l&agrave; tạm t&iacute;nh v&agrave; c&oacute; thể tăng l&ecirc;n hoặc giảm đi theo thực tế đo đạc tại thời điểm b&agrave;n giao căn hộ.</span></span></p>\n\n<p><span style=\"color:#000000\"><span style=\"font-size:14px\">B&ecirc;n mua c&oacute; tr&aacute;ch nhiệm thanh to&aacute;n số tiền mua cho b&ecirc;n b&aacute;n theo diện t&iacute;ch thực tế khi b&agrave;n giao căn hộ; trường hợp diện t&iacute;ch th&ocirc;ng thủy thực tế ch&ecirc;ch lệch&hellip;% so với diện t&iacute;ch ghi trong hợp đồng th&igrave; hai b&ecirc;n kh&ocirc;ng phải điều chỉnh lại gi&aacute; b&aacute;n căn hộ.</span></span></p>\n\n<p><span style=\"color:#000000\"><span style=\"font-size:14px\">Nếu diện t&iacute;ch th&ocirc;ng thủy thực tế ch&ecirc;nh lệch vượt qu&aacute; ...% so với diện t&iacute;ch ghi trong hợp đồng n&agrave;y th&igrave; gi&aacute; b&aacute;n căn hộ sẽ được điều chỉnh lại theo diện t&iacute;ch đo đạc thực tế khi b&agrave;n giao căn hộ.</span></span></p>\n\n<p><span style=\"color:#000000\"><span style=\"font-size:14px\">Như vậy, việc xử l&yacute; khi diện t&iacute;ch căn hộ chung cư sai lệch đ&atilde; được quy định cụ thể trong Hợp đồng mua b&aacute;n giữa người mua v&agrave; chủ đầu tư. Theo đ&oacute;, người mua c&oacute; quyền y&ecirc;u cầu chủ đầu tư điều chỉnh lại gi&aacute; b&aacute;n căn hộ nếu diện t&iacute;ch căn hộ l&uacute;c nhận b&agrave;n giao ch&ecirc;nh lệch vượt mức đ&atilde; thỏa thuận.</span></span></p>\n','2020-01-17','Khi nhận bàn giao nhà chung cư, người mua cần đo đạc lại diện tích căn hộ để đảm bảo đúng và đủ diện tích như trong hợp đồng giao kết với [...]','https://drive.google.com/uc?id=1yVY1By4wSL-c0hfhLVrienNHPCOorPRF','Diện tích căn hộ chung cư sai lệch, phải làm sao?',3),(4,'<p><span style=\"color:#000000\"><span style=\"font-size:18px\"><strong>Như đ&atilde; n&oacute;i ở tr&ecirc;n th&igrave; những căn hộ mẫu Vinhomes Grand Park quận 9 c&oacute; nhiều k&iacute;ch thước kh&aacute;c nhau, kh&aacute; ph&ugrave; hợp với người độc th&acirc;n v&agrave; cũng ho&agrave;n to&agrave;n đủ kh&ocirc;ng gian nếu gia đ&igrave;nh c&oacute; 2 hay nhiều thế hệ. </strong></span></span></p>\n\n<p><span style=\"color:#000000\"><span style=\"font-size:18px\"><strong>Mặt bằng căn hộ Vinhomes Grand Park Quận 9 với 14 mẫu căn hộ thiết kế linh hoạt cho ph&eacute;p kh&aacute;ch h&agrave;ng được lựa thiết kế &ldquo;đo ni đ&oacute;ng gi&agrave;y&rdquo; ph&ugrave; hợp với nhu cầu v&agrave; sở th&iacute;ch của kh&aacute;ch h&agrave;ng.</strong></span></span></p>\n\n<h1><span style=\"color:#000000\"><span style=\"font-size:14px\">&raquo; Căn Hộ 1 Ph&ograve;ng ngủ&nbsp;</span></span></h1>\n\n<ul>\n	<li><span style=\"color:#000000\"><span style=\"font-size:14px\"><strong>Căn hộ 1 ph&ograve;ng ngủ Studio</strong>&nbsp;&ndash; &nbsp;diện t&iacute;ch từ 28m2 &ndash; 33m2: diện t&iacute;ch nhỏ nhưng vẫn đầy đủ tiện nghi với thiết kế hiện đại, văn minh vẫn tạo n&ecirc;n kh&ocirc;ng gian sống thoải m&aacute;i.</span></span></li>\n</ul>\n\n<p style=\"text-align:center\"><span style=\"color:#000000\"><iframe frameborder=\"0\" height=\"450\" scrolling=\"no\" src=\"https://drive.google.com/file/d/1Wvj3zQBCGdeXnkO61hSkAWv80mlk51PD/preview\" width=\"800\"></iframe></span></p>\n\n<p>&nbsp;</p>\n\n<h4><span style=\"color:#000000\"><span style=\"font-size:14px\">&raquo;&nbsp;Căn hộ 2 ph&ograve;ng ngủ</span></span></h4>\n\n<p><span style=\"color:#000000\"><span style=\"font-size:14px\">Mặt bằng căn hộ Vinhomes Grand Park Quận 9 2 ph&ograve;ng ngủ được thiết kế tương đối thoải m&aacute;i gi&uacute;p đong đầy hạnh ph&uacute;c cho đ&ocirc;i vợ chồng trẻ với diện t&iacute;ch th&ocirc;ng thủy từ 55m2 &ndash; 65m2</span></span></p>\n\n<ul>\n	<li><span style=\"color:#000000\"><span style=\"font-size:14px\"><strong>Căn hộ 2 ph&ograve;ng ngủ + 1 &ndash; 2 toilet:</strong>&nbsp;diện t&iacute;ch th&ocirc;ng thủy từ 61m2 &ndash; 65m2</span></span></li>\n</ul>\n\n<p style=\"text-align:center\"><span style=\"color:#000000\"><iframe frameborder=\"0\" height=\"450\" scrolling=\"no\" src=\"https://drive.google.com/file/d/1tSmthw9YjJGMjyggn6Jz-J7_LFgcnL-v/preview\" width=\"800\"></iframe></span></p>\n\n<p><span style=\"color:#000000\"><span style=\"font-size:14px\">&raquo; Căn hộ 3 Ph&ograve;ng ngủ&nbsp;</span></span></p>\n\n<ul>\n	<li><span style=\"color:#000000\"><span style=\"font-size:14px\">Mặt bằng thiết kế căn hộ Vinhomes Quận 9 3 ph&ograve;ng ngủ rộng r&atilde;i thoải m&aacute;i d&agrave;nh cho 3 thế hệ Vinhomes Quận 9 mang đến cho kh&aacute;ch h&agrave;ng cơ hội sở hữu căn hộ khang trang, tận hưởng h&agrave;ng trăm tiện &iacute;ch với mức ph&iacute; dịch vụ v&ocirc; c&ugrave;ng ph&ugrave; hợp tại &ldquo;th&agrave;nh phố phong c&aacute;ch Singapore&rdquo;, gi&uacute;p x&oacute;a bỏ nỗi lo t&agrave;i ch&iacute;nh, hiện thực h&oacute;a giấc mơ &ldquo;an cư&rdquo;&nbsp;</span></span></li>\n	<li><span style=\"color:#000000\"><span style=\"font-size:14px\"><strong>Căn hộ 3&nbsp;ph&ograve;ng ngủ + &nbsp;2 toilet:</strong>&nbsp;diện t&iacute;ch th&ocirc;ng thủy &nbsp;80m2</span></span></li>\n</ul>\n\n<p style=\"text-align:center\"><iframe frameborder=\"0\" height=\"450\" scrolling=\"no\" src=\"https://drive.google.com/file/d/1T7KGmIYBVfBxE79BmOFUrcia6QMcfwDd/preview\" width=\"800\"></iframe>&nbsp;</p>\n','2019-12-05','Như đã nói ở trên thì những căn hộ mẫu Vinhomes Grand Park quận 9 có nhiều kích thước khác nhau, khá phù hợp với...','https://drive.google.com/uc?id=11fQNdLl6DR-o6ftsFzygO5gZHMr7tqfY','Chi tiết 14 Mẫu thiết kế căn hộ Vinhomes Grand Park Quận 9',3),(5,'<h1>&nbsp;</h1>\n\n<p><span style=\"font-size:14px\"><strong><span style=\"color:#000000\">Thủ Đức l&agrave; một quận c&oacute; mật độ d&acirc;n số cao đột biến trong những năm gần đ&acirc;y. Ch&iacute;nh v&igrave; thế, nhu cầu về nh&agrave; ở cũng tăng theo đ&aacute;ng kể. Dưới đ&acirc;y ch&uacute;ng t&ocirc;i sẽ thống k&ecirc; cho bạn&nbsp;</span><a href=\"https://vinhomecity.vn/tin-tuc-su-kien/top-5-du-an-can-ho-thu-duc-sap-mo-ban/\"><span style=\"color:#000000\">top 5 dự &aacute;n căn hộ Thủ Đức sắp mở b&aacute;n</span></a><span style=\"color:#000000\">&nbsp;đang g&acirc;y x&ocirc;n xao trong giới đầu tư.</span></strong></span></p>\n\n<hr />\n<p><span style=\"color:#000000\"><strong><span style=\"font-size:22px\">Dự &aacute;n Gem Premium</span></strong></span></p>\n\n<p><span style=\"color:#000000\"><span style=\"font-size:14px\"><strong>Dự &aacute;n Gem Premium&nbsp;</strong>l&agrave; dự &aacute;n chung cư kiểu mẫu được x&acirc;y dựng tr&ecirc;n một nền tảng hiện đại, ph&ugrave; hợp với nhu cầu sống của người trẻ. Tọa lạc tại đường 25 &ndash; 27, phường Hiệp B&igrave;nh Ch&aacute;nh, dự &aacute;n hội tụ được những yếu tố cần thiết để thu h&uacute;t giới đầu tư, người c&oacute; nhu cầu sở hữu nh&agrave; quan t&acirc;m. Cụ thể:</span></span></p>\n\n<ul>\n	<li><span style=\"color:#000000\"><span style=\"font-size:14px\">Chủ đầu tư: Đất Xanh Group</span></span></li>\n	<li><span style=\"color:#000000\"><span style=\"font-size:14px\">Loại h&igrave;nh: căn hộ cao cấp, duplex, penthouse, shophouse</span></span></li>\n	<li><span style=\"color:#000000\"><span style=\"font-size:14px\">Khởi c&ocirc;ng: qu&yacute; 4/2019</span></span></li>\n	<li><span style=\"color:#000000\"><span style=\"font-size:14px\">B&agrave;n giao: qu&yacute; 2/2021</span></span></li>\n	<li><span style=\"color:#000000\"><span style=\"font-size:14px\">Gi&aacute; b&aacute;n: khoảng 39 triệu/m2</span></span></li>\n	<li><span style=\"color:#000000\"><span style=\"font-size:14px\">Ưu điểm của dự &aacute;n:</span></span></li>\n</ul>\n\n<p><span style=\"color:#000000\"><span style=\"font-size:14px\">Dự &aacute;n Gem Premium c&oacute; một số ưu điểm nhất định thu h&uacute;t giới đầu tư như:&nbsp;</span></span></p>\n\n<ul>\n	<li><span style=\"color:#000000\"><span style=\"font-size:14px\">Vị tr&iacute;: 1 mặt gi&aacute;p s&ocirc;ng S&agrave;i G&ograve;n, 3 mặt gi&aacute;p đường phố, khu thương mại sầm uất</span></span></li>\n	<li><span style=\"color:#000000\"><span style=\"font-size:14px\">Tiện &iacute;ch đa dạng: hồ bơi nh&acirc;n tạo, ph&ograve;ng sinh hoạt cộng đồng, ph&ograve;ng gym, khu ẩm thực,&hellip;</span></span></li>\n	<li><span style=\"color:#000000\"><span style=\"font-size:14px\">Ch&iacute;nh s&aacute;ch b&aacute;n h&agrave;ng: chỉ cần thanh to&aacute;n 30% l&agrave; được k&yacute; hợp đồng</span></span></li>\n</ul>\n\n<hr />\n<p><span style=\"color:#000000\"><span style=\"font-size:22px\"><strong>Dự &aacute;n Lavita Charm&nbsp;</strong></span></span></p>\n\n<p><span style=\"color:#000000\"><span style=\"font-size:14px\">Với vị tr&iacute; lợi thế liền kề ga số 10 Metro tuyến Bến Th&agrave;nh &ndash; Suối Ti&ecirc;n, dự &aacute;n Lavita Charm đang nhận được sự quan t&acirc;m nồng nhiệt của kh&aacute;ch h&agrave;ng, hứa hẹn trở th&agrave;nh dự &aacute;n căn hộ Thủ Đức sắp mở b&aacute;n ăn kh&aacute;ch nhất trong thời gian tới. Cụ thể chi tiết:</span></span></p>\n\n<ul>\n	<li><span style=\"color:#000000\"><span style=\"font-size:14px\">Vị tr&iacute;: dự &aacute;n tọa lạc tại đường số 1 phường Trường Thọ, quận Thủ Đức</span></span></li>\n	<li><span style=\"color:#000000\"><span style=\"font-size:14px\">Quy m&ocirc;: 1.48ha, 3 block với tổng cộng 939 căn hộ</span></span></li>\n	<li><span style=\"color:#000000\"><span style=\"font-size:14px\">Khởi c&ocirc;ng: qu&yacute; 3/2018</span></span></li>\n	<li><span style=\"color:#000000\"><span style=\"font-size:14px\">B&agrave;n giao: qu&yacute; 4/2020</span></span></li>\n	<li><span style=\"color:#000000\"><span style=\"font-size:14px\">Ưu điểm của dự &aacute;n:</span></span></li>\n</ul>\n\n<p style=\"text-align:center\"><span style=\"color:#000000\"><iframe frameborder=\"0\" height=\"450\" scrolling=\"no\" src=\"https://drive.google.com/file/d/1x1BcUFpWGS1M8Ojuc45e63peVWGe_o8A/preview\" width=\"800\"></iframe></span></p>\n\n<p><span style=\"color:#000000\"><span style=\"font-size:14px\">Một số ưu điểm nổi bật của dự &aacute;n thu h&uacute;t sự ch&uacute; &yacute; của nh&agrave; đầu tư gồm c&oacute;:</span></span></p>\n\n<ul>\n	<li><span style=\"color:#000000\"><span style=\"font-size:14px\">Chủ đầu tư uy t&iacute;n: Hưng Thịnh Corp l&agrave; chủ đầu tư top đầu tại TP.HCM hiện nay. C&aacute;c dự &aacute;n được Hưng Thịnh triển khai trước đ&oacute; đều đ&atilde; đem lại kết quả cực kỳ tốt đẹp.</span></span></li>\n	<li><span style=\"color:#000000\"><span style=\"font-size:14px\">Vị tr&iacute; dự &aacute;n đẹp hiếm c&oacute;: từ c&aacute;c căn hộ của Lavita Charm, bạn c&oacute; thể di chuyển tới xa lộ H&agrave; Nội, tuyến Metro, đường v&agrave;nh đai 2 kh&aacute; dễ d&agrave;ng.</span></span></li>\n	<li><span style=\"color:#000000\"><span style=\"font-size:14px\">Tiện &iacute;ch đồng bộ, ph&ugrave; hợp với nhu cầu sống của cư d&acirc;n tại c&aacute;c khu chung cư cao cấp.</span></span></li>\n	<li><span style=\"color:#000000\"><span style=\"font-size:14px\">Ng&acirc;n h&agrave;ng hỗ trợ vay vốn l&ecirc;n tới 70% trong thời hạn từ 10 &ndash; 20 năm.</span></span></li>\n</ul>\n\n<p>&nbsp;</p>\n\n<hr />\n<h2><span style=\"color:#000000\"><span style=\"font-size:22px\"><strong>Dự &aacute;n An D&acirc;n Residence</strong></span></span></h2>\n\n<p><span style=\"color:#000000\"><span style=\"font-size:14px\"><strong>Dự &aacute;n An D&acirc;n Residence</strong>&nbsp;được nhiều chuy&ecirc;n gia nghi&ecirc;n cứu đầu tư đ&aacute;nh gi&aacute; về tiềm năng tạo ra gi&aacute; trị lợi nhuận cực kỳ lớn bởi chất lượng chuẩn theo phong c&aacute;ch Singapore. Tọa lại tại số 870 quốc lộ 1A, phường Linh Chung, quận Thủ Đức, dự &aacute;n đang mang đến cho nhiều nh&agrave; đầu tư khu vực n&agrave;y những t&iacute;n hiệu t&iacute;ch cực. Một số th&ocirc;ng tin chi tiết về dự &aacute;n:</span></span></p>\n\n<ul>\n	<li><span style=\"color:#000000\"><span style=\"font-size:14px\">Quy m&ocirc;: 1.7ha, 3 t&ograve;a 16 tầng, tổng số căn hộ 1146 căn</span></span></li>\n	<li><span style=\"color:#000000\"><span style=\"font-size:14px\">Diện t&iacute;ch từ 55.5m2 &ndash; 66.6m2</span></span></li>\n	<li><span style=\"color:#000000\"><span style=\"font-size:14px\">Gi&aacute; b&aacute;n khoảng 18 &ndash; 20 triệu/m2</span></span></li>\n	<li><span style=\"color:#000000\"><span style=\"font-size:14px\">Ưu điểm đ&aacute;ng tự h&agrave;o của dự &aacute;n:</span></span></li>\n</ul>\n\n<p><span style=\"color:#000000\"><span style=\"font-size:14px\">Một số ưu điểm đ&aacute;ng tự h&agrave;o của dự &aacute;n m&agrave; ch&uacute;ng t&ocirc;i muốn nhắc đến cho nh&agrave; đầu tư nh&igrave;n thấy c&oacute; thể kể đến:</span></span></p>\n\n<ul>\n	<li><span style=\"color:#000000\"><span style=\"font-size:14px\">Thiết kế dự &aacute;n đạt chuẩn theo Singapore&nbsp;</span></span></li>\n	<li><span style=\"color:#000000\"><span style=\"font-size:14px\">Dự &aacute;n xanh nhất khu vực khi c&oacute; đến ⅓ diện t&iacute;ch khu vực trồng c&acirc;y xanh</span></span></li>\n	<li><span style=\"color:#000000\"><span style=\"font-size:14px\">C&oacute; đầy đủ hệ thống tiện &iacute;ch m&agrave; c&aacute;c chung cư hiện đại cần c&oacute;</span></span></li>\n	<li><span style=\"color:#000000\"><span style=\"font-size:14px\">Gi&aacute; th&agrave;nh qu&aacute; hợp l&yacute; khi chỉ 800 &ndash; 1 tỷ/căn</span></span></li>\n</ul>\n\n<hr />\n<p><span style=\"color:#000000\"><span style=\"font-size:22px\"><strong>Khu đ&ocirc; thị Vạn Ph&uacute;c City&nbsp;</strong></span></span></p>\n\n<p><span style=\"color:#000000\"><span style=\"font-size:14px\"><strong>Vạn Ph&uacute;c City</strong>&nbsp;l&agrave; khu đ&ocirc; thị &ldquo;v&agrave;ng&rdquo; ven s&ocirc;ng S&agrave;i G&ograve;n. Dự &aacute;n sở hữu một vị tr&iacute; kh&ocirc;ng thể đẹp hơn nữa khi c&oacute; phong thuỷ hữu t&igrave;nh, kh&ocirc;ng gian tiện nghi thoải m&aacute;i. Cụ thể c&aacute;c th&ocirc;ng tin về dự &aacute;n:</span></span></p>\n\n<ul>\n	<li><span style=\"color:#000000\"><span style=\"font-size:14px\">Vị tr&iacute;: ven s&ocirc;ng S&agrave;i G&ograve;n, quốc lộ 13, phường Hiệp B&igrave;nh Phước, quận Thủ Đức</span></span></li>\n	<li><span style=\"color:#000000\"><span style=\"font-size:14px\">Chủ đầu tư: Đại Ph&uacute;c Group</span></span></li>\n	<li><span style=\"color:#000000\"><span style=\"font-size:14px\">Quy m&ocirc;: 198ha gồm nh&agrave; phố, biệt thự, căn hộ</span></span></li>\n	<li><span style=\"color:#000000\"><span style=\"font-size:14px\">Mật độ x&acirc;y dựng gần 40%</span></span></li>\n	<li><span style=\"color:#000000\"><span style=\"font-size:14px\">Gi&aacute; b&aacute;n: khoảng 6,9 tỷ/căn</span></span></li>\n	<li><span style=\"color:#000000\"><span style=\"font-size:14px\">Ưu điểm thu h&uacute;t nh&agrave; đầu tư:</span></span></li>\n</ul>\n\n<p style=\"text-align:center\"><span style=\"color:#000000\"><iframe frameborder=\"0\" height=\"450\" scrolling=\"no\" src=\"https://drive.google.com/file/d/18ajBPKZ35yUG9thUQRjyrJHCo6dQ9wWi/preview\" width=\"800\"></iframe></span></p>\n\n<p><span style=\"color:#000000\"><span style=\"font-size:14px\">Dự &aacute;n Vạn Ph&uacute;c City c&oacute; kh&aacute; nhiều ưu điểm thu h&uacute;t nh&agrave; đầu tư. Cụ thể như sau:</span></span></p>\n\n<ul>\n	<li><span style=\"color:#000000\"><span style=\"font-size:14px\">Tọa lạc tại vị tr&iacute; trọng điểm kinh tế, giao thương, ph&ugrave; hợp về mặt phong thuỷ v&agrave; thu h&uacute;t vượng kh&iacute;</span></span></li>\n	<li><span style=\"color:#000000\"><span style=\"font-size:14px\">Thiết kế bất động sản theo chuẩn mực s&aacute;ng tạo của kiến tr&uacute;c ch&acirc;u &Acirc;u</span></span></li>\n	<li><span style=\"color:#000000\"><span style=\"font-size:14px\">C&ocirc;ng vi&ecirc;n với tổ hợp giải tr&iacute; tầm cỡ quốc tế</span></span></li>\n</ul>\n\n<p>&nbsp;</p>\n\n<hr />\n<h2><span style=\"color:#000000\"><span style=\"font-size:22px\"><strong>Dự &aacute;n Moonlight Residences</strong></span></span></h2>\n\n<p><span style=\"color:#000000\"><span style=\"font-size:14px\">Một dự &aacute;n nữa của Hưng Thịnh Corp, Moonlight Residences l&agrave; dự &aacute;n căn hộ chung cư kết hợp đất nền đang &ldquo;l&agrave;m mưa l&agrave;m gi&oacute;&rdquo; tại thị trường bất động sản TP.HCM. Một số th&ocirc;ng tin nh&agrave; đầu tư cần nắm về dự &aacute;n n&agrave;y như sau:</span></span></p>\n\n<ul>\n	<li><span style=\"color:#000000\"><span style=\"font-size:14px\">Vị tr&iacute;: số 102, đường Đặng Văn Bi, phường B&igrave;nh Thọ, quận Thủ Đức</span></span></li>\n	<li><span style=\"color:#000000\"><span style=\"font-size:14px\">Quy m&ocirc; 1.8ha, 2 block 22 tầng với 535 căn hộ</span></span></li>\n	<li><span style=\"color:#000000\"><span style=\"font-size:14px\">Diện t&iacute;ch: 49m2 &ndash; 102m2</span></span></li>\n	<li><span style=\"color:#000000\"><span style=\"font-size:14px\">Khu đất nền: 38 nền</span></span></li>\n	<li><span style=\"color:#000000\"><span style=\"font-size:14px\">Mật độ x&acirc;y dựng: 38%</span></span></li>\n	<li><span style=\"color:#000000\"><span style=\"font-size:14px\">Khởi c&ocirc;ng: qu&yacute; 1/2018</span></span></li>\n	<li><span style=\"color:#000000\"><span style=\"font-size:14px\">B&agrave;n giao: qu&yacute; 2/2020</span></span></li>\n	<li><span style=\"color:#000000\"><span style=\"font-size:14px\">Ưu điểm nổi bật của dự &aacute;n:</span></span></li>\n</ul>\n\n<p><span style=\"color:#000000\"><span style=\"font-size:14px\">C&aacute;c ưu điểm nổi bật của dự &aacute;n gồm c&oacute;:</span></span></p>\n\n<ul>\n	<li><span style=\"color:#000000\"><span style=\"font-size:14px\">Gi&aacute; b&aacute;n từ 1.6 tỷ &ndash; 3.7 tỷ/căn với kiểu kh&ocirc;ng c&oacute; nội thất đến nội thất đầy đủ</span></span></li>\n	<li><span style=\"color:#000000\"><span style=\"font-size:14px\">Vị tr&iacute; chiến lược, kết nối trực tiếp xa lộ H&agrave; Nội với đường V&agrave;nh Đai Trong</span></span></li>\n</ul>\n\n<p><span style=\"color:#000000\"><span style=\"font-size:14px\">Tr&ecirc;n đ&acirc;y ch&uacute;ng t&ocirc;i đ&atilde; gửi đến qu&yacute; bạn đọc&nbsp;<strong>top 5 dự &aacute;n căn hộ Thủ Đức</strong>&nbsp;sắp mở b&aacute;n đang g&acirc;y sốt trong giới đầu tư.</span></span></p>\n','2020-04-26','Thủ Đức là một quận có mật độ dân số cao đột biến trong những [...]','https://drive.google.com/uc?id=1Wkuf518j293TTP2LMxoL12FKePWHdkHf','Top 5 dự án căn hộ Thủ Đức sắp mở bán',3),(6,'<p><span style=\"color:#000000\"><span style=\"font-size:16px\"><strong>Thực hiện chủ trương của Ch&iacute;nh phủ v&agrave; Bộ Y tế, coi việc chống dịch như chống giặc, c&aacute;c đơn vị cung cấp dịch vụ quản l&yacute; t&ograve;a nh&agrave; chung cư cũng như cư d&acirc;n cần n&acirc;ng cao nhận thức nhằm ứng ph&oacute; với dịch Covid-19.</strong></span></span></p>\n\n<hr />\n<p><span style=\"color:#000000\">Người d&acirc;n sống trong chung cư cần hạn chế n&oacute;i chuyện, tiếp x&uacute;c trực tiếp với c&aacute;c bề mặt khi sử dụng cầu thang m&aacute;y, cầu thang bộ, theo Bộ Y tế.</span></p>\n\n<p><span style=\"color:#000000\">Bộ Y tế ng&agrave;y 12/3 ban h&agrave;nh Hướng dẫn ph&ograve;ng chống dịch Covid-19 tại chung cư.&nbsp;</span></p>\n\n<p><span style=\"color:#000000\"><strong>Với người d&acirc;n&nbsp;</strong>cần thực hiện đầy đủ c&aacute;c biện ph&aacute;p ph&ograve;ng dịch theo khuyến c&aacute;o của Bộ Y tế như thường xuy&ecirc;n rửa tay với x&agrave; ph&ograve;ng v&agrave; nước sạch, đặc biệt ngay sau khi về nh&agrave;.&nbsp;Che k&iacute;n mũi, miệng khi ho.&nbsp;Tr&aacute;nh đưa tay l&ecirc;n mắt, mũi, miệng. Kh&ocirc;ng khạc nhổ bừa b&atilde;i.</span></p>\n\n<p><span style=\"color:#000000\">Người d&acirc;n cần đảm bảo sức khỏe bằng c&aacute;ch giữ ấm cơ thể, tập thể dục, ăn ch&iacute;n, uống ch&iacute;n, uống s&ocirc;i, đầy đủ dinh dưỡng.&nbsp;S&uacute;c miệng, s&uacute;c họng bằng nước muối hoặc nước s&uacute;c miệng thường xuy&ecirc;n.</span></p>\n\n<p><span style=\"color:#000000\">Ngo&agrave;i ra, cần thay v&agrave; giặt sạch quần &aacute;o đi l&agrave;m, đi chơi hoặc đến chỗ đ&ocirc;ng người ngay sau khi về nh&agrave;.&nbsp;Hạn chế n&oacute;i chuyện, hạn chế tiếp x&uacute;c trực tiếp với c&aacute;c bề mặt khi sử dụng cầu thang m&aacute;y, cầu thang bộ.&nbsp;Hạn chế đến chỗ đ&ocirc;ng người. Đeo khẩu trang khi đến chỗ đ&ocirc;ng người.</span></p>\n\n<p><span style=\"color:#000000\">Đặc biệt, cần hạn chế tiếp x&uacute;c với người c&oacute; biểu hiện ho, sốt, kh&oacute; thở. Giữ khoảng c&aacute;ch tr&ecirc;n 2 m&eacute;t v&agrave; đeo khẩu trang nếu phải tiếp x&uacute;c.</span></p>\n\n<p><span style=\"color:#000000\">Người d&acirc;n cũng cần vệ sinh nh&agrave; cửa sạch sẽ h&agrave;ng ng&agrave;y bằng c&aacute;c dung dịch tẩy rửa th&ocirc;ng thường. Đặc biệt l&agrave; tay nắm cửa, tay vịn cầu thang, tay vịn lan can.&nbsp;Thường xuy&ecirc;n mở cửa ra v&agrave;o v&agrave; cửa sổ; hạn chế sử dụng điều h&ograve;a. Thu gom r&aacute;c h&agrave;ng ng&agrave;y v&agrave; đổ đ&uacute;ng nơi quy định.</span></p>\n\n<p><span style=\"color:#000000\">Mọi người cũng n&ecirc;n tự theo d&otilde;i sức khỏe, đo nhiệt độ h&agrave;ng ng&agrave;y. Nếu thấy c&oacute; biểu hiện sốt, ho, đau họng, kh&oacute; thở th&igrave; đeo khẩu trang, hạn chế tiếp x&uacute;c với mọi người, gọi cho đường d&acirc;y n&oacute;ng 1900 3228 hoặc 1900 9095 để được tư vấn v&agrave; đến ngay cơ sở y tế gần nhất để kh&aacute;m v&agrave; điều trị.</span></p>\n\n<p><span style=\"color:#000000\">Khi c&oacute; trường hợp bệnh x&aacute;c định, nghi ngờ mắc bệnh, c&aacute;ch ly tại nh&agrave; th&igrave; thực hiện theo hướng dẫn của Ban quản l&yacute; chung cư.</span></p>\n\n<p style=\"text-align:center\"><span style=\"color:#000000\"><iframe frameborder=\"0\" height=\"450\" scrolling=\"no\" src=\"https://drive.google.com/file/d/1ZuV5wjzB6yxLso3gD0LjcH5vdj_3UAYD/preview\" width=\"800\"></iframe></span></p>\n\n<p><span style=\"color:#000000\"><strong>Với ban quản l&yacute; chung cư,</strong>&nbsp;Bộ Y tế y&ecirc;u cầu phải&nbsp;bố tr&iacute; đủ th&ugrave;ng đựng chất thải c&oacute; nắp đậy, đảm bảo nh&agrave; vệ sinh sạch sẽ, lu&ocirc;n c&oacute; đủ nước sạch v&agrave; x&agrave; ph&ograve;ng hoặc dung dịch s&aacute;t khuẩn tay c&oacute; chứa &iacute;t nhất 60% cồn.</span></p>\n\n<p><span style=\"color:#000000\">Kh&ocirc;ng tổ chức c&aacute;c sự kiện c&oacute; tập trung đ&ocirc;ng người tại khu chung cư. Khuyến c&aacute;o c&aacute;c hộ d&acirc;n kh&ocirc;ng tổ chức c&aacute;c sự kiện c&oacute; đ&ocirc;ng người tại căn hộ.</span></p>\n\n<p><span style=\"color:#000000\">Khi khử khuẩn chung cư cần khử khuẩn bằng c&aacute;c chất tẩy rửa th&ocirc;ng thường như dung dịch tẩy rửa đa năng hoặc c&aacute;c dung dịch khử khuẩn c&oacute; chứa 0,05% Clo hoạt t&iacute;nh hoặc c&oacute; chứa &iacute;t nhất 60% cồn. Ưu ti&ecirc;n khử khuẩn bằng c&aacute;ch lau rửa.</span></p>\n\n<p><span style=\"color:#000000\">Đối với nền nh&agrave;, tường, b&agrave;n ghế, c&aacute;c đồ vật tại khu vực c&ocirc;ng cộng (sảnh chờ, khu vui chơi, khu thể dục thể thao...), khu vệ sinh chung, cầu thang bộ, thang m&aacute;y cần khử khuẩn &iacute;t nhất một lần mỗi ng&agrave;y.</span></p>\n\n<p><span style=\"color:#000000\">Đối với vị tr&iacute; c&oacute; tiếp x&uacute;c thường xuy&ecirc;n như tay nắm cửa, tay vịn cầu thang, n&uacute;t bấm thang m&aacute;y, tay vịn lan can: khử khuẩn &iacute;t nhất 2 lần một ng&agrave;y.</span></p>\n\n<p><span style=\"color:#000000\">Ngo&agrave;i ra, ban quản l&yacute; chung cư cần th&ocirc;ng b&aacute;o, đề nghị c&aacute;c đơn vị cung cấp dịch vụ tại khu chung cư (si&ecirc;u thị, nh&agrave; h&agrave;ng, ph&ograve;ng tập gym...) cam kết đảm bảo thực hiện c&aacute;c quy định về ph&ograve;ng chống dịch bệnh. Chất thải phải được thu gom v&agrave; đưa đi xử l&yacute; h&agrave;ng ng&agrave;y.&nbsp;Cung cấp đầy đủ khẩu trang cho người lao động c&oacute; tiếp x&uacute;c với cư d&acirc;n hoặc kh&aacute;ch đến chung cư.</span></p>\n\n<p><span style=\"color:#000000\">Khi c&oacute; trường hợp sốt, ho, kh&oacute; thở hoặc nghi ngờ mắc Covid-19, cần th&ocirc;ng b&aacute;o ngay cho cơ quan y tế địa phương hoặc đường d&acirc;y n&oacute;ng 1900 3228 hoặc 1900 9095. Đồng thời, phối hợp với cơ quan y tế địa phương xử l&yacute; khi c&oacute; trường hợp bệnh x&aacute;c định, nghi ngờ mắc bệnh hoặc c&aacute;ch ly tại nh&agrave;.</span></p>\n\n<p><span style=\"color:#000000\">Với người cho thu&ecirc; căn hộ chung cư cũng cần y&ecirc;u cầu người thu&ecirc; căn hộ cam kết thực hiện đ&uacute;ng c&aacute;c quy định, khuyến c&aacute;o về ph&ograve;ng chống dịch bệnh v&agrave; quy định của chung cư đối với cư d&acirc;n.</span></p>\n','2020-03-01','Người dân sống trong chung cư cần hạn chế nói chuyện, tiếp xúc trực tiếp với các bề mặt khi sử dụng cầu thang máy, cầu thang bộ, theo [...] ','https://drive.google.com/uc?id=1HSVlqaTpy9vEP33K4MvGjB1Y3ScOMbIE','Hướng dẫn phòng nCoV ở chung cư',3),(7,'<p><span style=\"font-size:14px\"><span style=\"color:#000000\">Ph&oacute; chủ tịch UBND TP.HCM V&otilde; Văn Hoan vừa k&yacute; quyết định ban h&agrave;nh gi&aacute; nước sạch sinh hoạt ở TP.HCM lộ tr&igrave;nh 2019 - 2022. Theo quyết định n&agrave;y,</span>&nbsp;<a href=\"https://thanhnien.vn/tin-tuc/tim-kiem/dMSDbmcgZ2nDoSBuxrDhu5tj/tang-gia-nuoc.html?m=0&amp;t=&amp;c=0&amp;y=-1&amp;o=\" rel=\"\" target=\"_blank\">gi&aacute; nước sạch ở TP.HCM</a>&nbsp;<span style=\"color:#000000\">lộ tr&igrave;nh năm 2019 - 2022 ch&iacute;nh thức tăng từ ng&agrave;y 15.11 với mức tăng trung b&igrave;nh 5 - 7% mỗi năm t&ugrave;y theo lượng nước sử dụng.</span></span></p>\n\n<p><span style=\"font-size:14px\"><span style=\"color:#000000\">Cụ thể gi&aacute; nước sạch &aacute;p dụng cho hộ</span>&nbsp;<a href=\"https://thanhnien.vn/doi-song/gia-dinh/\" rel=\"\">gia đ&igrave;nh</a>&nbsp;<span style=\"color:#000000\">(định mức sử dụng đến 4 m<sup>3</sup>/người/th&aacute;ng) trong 4 năm 2019, 2020, 2021 v&agrave; 2022 sẽ tăng tương ứng theo thời gian l&agrave; 5.600 đồng/m<sup>3</sup>, 6.000 đồng/m3, 6.300 đồng/m<sup>3</sup>&nbsp;v&agrave; 6.700 đồng/m<sup>3</sup>.</span></span></p>\n\n<p><span style=\"font-size:14px\"><span style=\"color:#000000\">Với người sử dụng từ 4m<sup>3</sup>&nbsp;đến 6 m<sup>3</sup>/th&aacute;ng,&nbsp;</span><a href=\"https://thanhnien.vn/thoi-su/kien-nghi-tang-gia-nuoc-sach-o-tphcm-moi-nam-tu-5-7-1131957.html\" rel=\"\" target=\"_blank\">gi&aacute; nước</a>&nbsp;<span style=\"color:#000000\">sẽ tăng lần lượt theo thời gian n&oacute;i tr&ecirc;n l&agrave; 10.800 đồng/m<sup>3</sup>, 11.500 đồng/m<sup>3</sup>, 12.100 đồng/m<sup>3</sup>&nbsp;v&agrave; 12.900 đồng/m<sup>3</sup>.</span></span></p>\n\n<p><span style=\"color:#000000\"><span style=\"font-size:14px\">Người sử dụng từ tr&ecirc;n 6 m<sup>3</sup>/th&aacute;ng, gi&aacute; nước tăng lần lượt l&agrave; 12.100 đồng/m<sup>3</sup>, 12.800 đồng/m<sup>3</sup>, 13.600 đồng/m<sup>3</sup>&nbsp;v&agrave; 14.400 đồng/m<sup>3</sup>.</span></span></p>\n\n<p style=\"text-align:center\"><iframe frameborder=\"0\" height=\"600\" scrolling=\"no\" src=\"https://drive.google.com/file/d/1MfFSTP5WPqU41IOpYorY4KXbYOXieikq/preview\" width=\"460\"></iframe></p>\n\n<p><span style=\"color:#000000\"><span style=\"font-size:14px\">Mức gi&aacute; tr&ecirc;n &aacute;p dụng cho hộ d&acirc;n cư c&aacute;c hộ d&acirc;n sử dụng nước cho mục đ&iacute;ch sinh hoạt; c&aacute;c khu d&acirc;n cư, chung cư, khu lưu tr&uacute; c&ocirc;ng nh&acirc;n, c&aacute;c cư x&aacute;, k&yacute; t&uacute;c x&aacute;; c&aacute;c cơ sở x&atilde; hội, cơ sở chữa bệnh - cai nghiện thuộc Sở LĐ-TB-XH, thuộc Lực lượng Thanh ni&ecirc;n xung phong sử dụng nước cho mục đ&iacute;ch sinh hoạt.</span></span></p>\n\n<p><span style=\"color:#000000\"><span style=\"font-size:14px\">Ri&ecirc;ng với hộ ngh&egrave;o v&agrave; cận ngh&egrave;o (d&ugrave;ng trong định mức 4m<sup>3</sup>/th&aacute;ng/người) th&igrave; gi&aacute; nước 4 năm 2019, 2020, 2021 v&agrave; 2022 lần lượt l&agrave; 5.300 đồng/m<sup>3</sup>, 5.600 đồng/m<sup>3</sup>, 6.000 đồng/m<sup>3</sup>&nbsp;v&agrave; 6.300 đồng/m<sup>3</sup>.</span></span></p>\n\n<p><span style=\"font-size:14px\"><span style=\"color:#000000\">Trước đ&oacute;, Tổng c&ocirc;ng ty cấp nước S&agrave;i G&ograve;n TNHH MTV</span> (<a href=\"https://thanhnien.vn/thoi-su/tphcm-sawaco-kien-nghi-tang-gia-ban-le-nuoc-sach-1120698.html\" target=\"_blank\">Sawaco</a>) <span style=\"color:#000000\">c&oacute; đề xuất</span>&nbsp;<a href=\"https://thanhnien.vn/thoi-su/chi-phi-mua-nuoc-doi-252-ti-dongnam-sawaco-kien-nghi-tang-gia-ban-le-1120786.html\" target=\"_blank\">tăng gi&aacute; b&aacute;n lẻ nước sạch</a>.<span style=\"color:#000000\"> Sawaco đưa ra l&yacute; do gi&aacute; nước từ năm 2013 đến nay chưa được điều chỉnh khiến t&igrave;nh h&igrave;nh&nbsp;</span><a href=\"https://thanhnien.vn/tai-chinh-kinh-doanh/\"><span style=\"color:#000000\">t&agrave;i ch&iacute;nh</span></a><span style=\"color:#000000\">&nbsp;của tổng c&ocirc;ng ty bị ảnh hưởng khi phải đảm bảo tỷ lệ 100% hộ d&acirc;n được sử dụng nước sạch v&agrave; phải thực hiện &ldquo;nhiệm vụ</span>&nbsp;<a href=\"https://thanhnien.vn/thoi-su/chinh-tri/\">ch&iacute;nh trị</a>, <span style=\"color:#000000\">an sinh x&atilde; hội&rdquo;.</span></span></p>\n','2020-06-15','Thay đổi giá nước sạch trên địa bàn thành phố Hồ Chí Minh[...]','https://drive.google.com/uc?id=1MfFSTP5WPqU41IOpYorY4KXbYOXieikq','Thông báo giá nước mới tháng 6',3),(8,'<p><span style=\"color:#000000\"><span style=\"font-size:16px\"><strong>Ban quản l&yacute; t&ograve;a nh&agrave; tr&acirc;n trọng th&ocirc;ng b&aacute;o về việc thực hiện bảo tr&igrave; thang m&aacute;y th&aacute;ng 6-2020 tại chung cư Vinhomes Grand Park như sau:</strong></span></span></p>\n\n<ul>\n	<li><span style=\"color:#000000\"><span style=\"font-size:14px\">Ng&agrave;y thực hiện</span></span>\n\n	<ul>\n		<li><span style=\"color:#000000\"><span style=\"font-size:14px\">02-5-2020 từ 8h30-12h30</span></span></li>\n		<li><span style=\"color:#000000\"><span style=\"font-size:14px\">02-5-2020 từ 13h30-17h00</span></span></li>\n		<li><span style=\"color:#000000\"><span style=\"font-size:14px\">03-5-2020 từ 8h30-12h30</span></span></li>\n		<li><span style=\"color:#000000\"><span style=\"font-size:14px\">03-5-2020 từ 13h30-17h30</span></span></li>\n	</ul>\n	</li>\n</ul>\n\n<p style=\"text-align:center\"><span style=\"color:#000000\"><iframe frameborder=\"0\" height=\"600\" scrolling=\"no\" src=\"https://drive.google.com/file/d/1W0n512jfmM5ceHjAMiwWt45hUjiVu4FJ/preview\" width=\"460\"></iframe></span></p>\n\n<p><span style=\"color:#000000\"><span style=\"font-size:14px\">Trong thời gian tiến h&agrave;nh bảo tr&igrave;, một thang m&aacute;y của to&agrave;n nh&agrave; sẽ tạm ngừng hoạt động. Nếu cần chuyển những đồ nội thất lớn, cồng kềnh&nbsp; ra v&agrave;o t&ograve;a nh&agrave;. Qu&yacute; cư d&acirc;n vui l&ograve;ng th&ocirc;ng b&aacute;o cho BQL ch&uacute;ng t&ocirc;i sẽ sấp xếp&nbsp; v&agrave; hộ trở qu&yacute; cư d&acirc;n để kh&ocirc;ng bị gi&aacute;n đoạn trong thời gian nh&agrave; thầu thực hiện , c&ocirc;ng t&aacute;c bảo tr&igrave; bảo dưỡng v&agrave; tr&aacute;nh c&aacute;c bất tiện c&oacute; thể xảy ra. ch&uacute;ng t&ocirc;i ch&acirc;n th&agrave;nh xin lỗi về những bất tiện n&agrave;y.</span></span></p>\n\n<p><span style=\"color:#000000\"><span style=\"font-size:14px\">Nếu qu&yacute; cư d&acirc;n c&oacute; bất k&igrave; c&acirc;u hỏi n&agrave;o , hoặc cần sự trợ gi&uacute;p g&igrave; vui l&ograve;ng li&ecirc;n hệ theo số (123456789)</span></span></p>\n\n<p><span style=\"color:#000000\"><span style=\"font-size:14px\">Tr&acirc;n Trọng</span></span></p>\n\n<p><span style=\"color:#000000\"><span style=\"font-size:14px\">Ban quản l&yacute; to&agrave;n nh&agrave; Vinhomes Grand Park</span></span></p>\n','2020-05-01','Thông báo lịch bảo trì thang máy[...]','https://drive.google.com/uc?id=1W0n512jfmM5ceHjAMiwWt45hUjiVu4FJ','Thông báo lịch bảo trì thang máy tháng 6',3),(9,'<p><span style=\"color:#000000\"><span style=\"font-size:14px\"><em><strong>Trong khi ph&acirc;n kh&uacute;c bất động sản b&igrave;nh d&acirc;n đang đ&oacute;ng băng th&igrave; những dự &aacute;n c&oacute; quy m&ocirc; lớn, tiện &iacute;ch đồng bộ, an ninh v&agrave; an to&agrave;n dần được ưa chuộng. Cụ thể l&agrave; tại khu Đ&ocirc;ng, dự &aacute;n Vinhomes Grand Park Quận 9 đang được quan t&acirc;m hơn bao giờ hết. Dĩ nhi&ecirc;n, một phần cũng l&agrave; do uy t&iacute;n qu&aacute; lớn đến từ chủ đầu tư l&agrave; tập đo&agrave;n VinGroup.</strong></em></span></span></p>\n\n<h2 dir=\"ltr\"><span style=\"color:#000000\"><strong>Đầu tư căn hộ Vinhomes Grand Park Quận 9 ngay h&ocirc;m nay</strong></span></h2>\n\n<p dir=\"ltr\"><span style=\"font-size:14px\"><span style=\"color:#000000\">Mặc d&ugrave; đ&atilde; mở b&aacute;n một v&agrave;i đợt nhưng đợt n&agrave;o,</span>&nbsp;<a href=\"https://vinhomesgrandpark.tv/\"><strong>dự &aacute;n Vinhomes Grand Park Quận 9</strong></a>&nbsp;<span style=\"color:#000000\">cũng chứng kiến rất kh&oacute; booking căn hộ bởi đ&acirc;y l&agrave; dự &aacute;n lớn, vừa thu h&uacute;t kh&aacute;ch h&agrave;ng mua ở lẫn giới đầu tư ở mọi ph&acirc;n kh&uacute;c kh&aacute;c nhau.</span></span></p>\n\n<p dir=\"ltr\" style=\"text-align:center\"><iframe frameborder=\"0\" height=\"450\" scrolling=\"no\" src=\"https://drive.google.com/file/d/1Eby1bNpP0x2g3I68VX2pH8y6bvg2SXdj/preview\" width=\"800\"></iframe></p>\n\n<p dir=\"ltr\"><span style=\"color:#000000\"><span style=\"font-size:14px\">V&agrave; ở sự kiện mở b&aacute;n sắp tới đ&acirc;y, Vinhomes Grand Park Quận 9 tiếp tục mang đến l&agrave;n gi&oacute; mới khi tung ra nhiều hệ thống căn hộ ở vị tr&iacute; đẹp, t&ograve;a sang v&agrave; liền kề hệ thống tiện &iacute;ch nội khu, ngoại khu vốn cũng đang rất đồng bộ.</span></span></p>\n\n<h3 dir=\"ltr\"><span style=\"color:#000000\"><span style=\"font-size:14px\"><strong>Th&agrave;nh phố đang chuyển dịch dần về khu Đ&ocirc;ng S&agrave;i G&ograve;n</strong></span></span></h3>\n\n<p dir=\"ltr\"><span style=\"color:#000000\"><span style=\"font-size:14px\">Nếu như trước đ&acirc;y người người tập trung v&agrave;o những quận huyện trung t&acirc;m th&igrave; ng&agrave;y nay, những khu đ&ocirc; thị vệ tinh tại v&ugrave;ng ven như quận 9, quận 7,... đang được đầu tư mạnh mẽ.</span></span></p>\n\n<p dir=\"ltr\"><span style=\"color:#000000\"><span style=\"font-size:14px\">C&aacute;c dự &aacute;n bất động sản cao cấp v&igrave; thế cũng dẫn h&igrave;nh th&agrave;nh. Điều n&agrave;y nhằm đ&aacute;p ứng nhu cầu về chọn mua v&agrave; thu&ecirc; căn hộ tại đ&acirc;y rất lớn. Ri&ecirc;ng tại khu Đ&ocirc;ng sẽ phục vụ kh&aacute;ch h&agrave;ng từ khu C&ocirc;ng nghệ cao quận 9, bến xe miền Đ&ocirc;ng, bệnh viện Ung Bướu, khu đ&ocirc; thị đại học,...</span></span></p>\n\n<p dir=\"ltr\" style=\"text-align:center\"><iframe frameborder=\"0\" height=\"450\" scrolling=\"no\" src=\"https://drive.google.com/file/d/1h-wIz6FdBueT4DkHDAdIyusKahM7R511/preview\" width=\"800\"></iframe></p>\n\n<p dir=\"ltr\"><span style=\"color:#000000\"><span style=\"font-size:14px\">Ch&iacute;nh v&igrave; sự đồng bộ v&agrave; được th&agrave;nh phố đầu tư mạnh mẽ n&ecirc;n dự &aacute;n Vinhomes Grand Park Quận 9 nhanh ch&oacute;ng gia tăng gi&aacute; trị trong tương lai. Đồng thời, nhu cầu trong việc mua v&agrave; thu&ecirc; căn hộ cũng kh&aacute; lớn ở thời gian tới.</span></span></p>\n\n<p dir=\"ltr\"><span style=\"color:#000000\"><span style=\"font-size:14px\">Do đ&oacute; m&agrave; đ&acirc;y ch&iacute;nh l&agrave; thời điểm v&agrave;ng để sở hữu căn hộ Vinhomes Grand Park Quận 9 với gi&aacute; b&aacute;n gốc từ chủ đầu tư. Hiện nay, VinGroup đ&atilde; mở b&aacute;n một v&agrave;i đợt v&agrave; đợt mở b&aacute;n tiếp theo sẽ diễn ra sớm.</span></span></p>\n','2020-03-03','TIN DỰ ÁNTrong khi phân khúc bất động sản bình dân đang đóng băng thì những dự án có quy mô lớn, tiện ích đồng bộ, an ninh và an toàn dần được ưa chuộng. Cụ thể là tại khu Đông, dự án Vinhomes Grand Park Quận 9[...]','https://drive.google.com/uc?id=1Gk74E3KVVdl6wXSkplyALPBMq4OMB_f6','Thời cơ vàng để đầu tư sở hữu căn hộ Vinhomes Grand Park Quận 9',3),(10,'<p><span style=\"color:#000000\"><strong><span style=\"font-size:18px\">Kết hợp nhiều chức năng sống trong một kh&ocirc;ng gian đang trở th&agrave;nh xu hướng mới cho những căn hộ chung cư c&oacute; diện t&iacute;ch nhỏ.</span></strong></span></p>\n\n<p><span style=\"color:#000000\"><strong><span style=\"font-size:14px\">1. Khu vực ph&ograve;ng ngủ/bồn tắm</span></strong></span></p>\n\n<p><span style=\"color:#000000\"><span style=\"font-size:14px\">Lắp bồn tắm v&agrave; ph&ograve;ng ngủ đ&ocirc;i khi chiếm rất nhiều diện t&iacute;ch trong căn hộ của bạn. Nhưng việc từ bỏ cảm gi&aacute;c thoải m&aacute;i khi ng&acirc;m m&igrave;nh trong đ&oacute; khiến bạn kh&ocirc;ng thể đưa ra quyết định dứt kho&aacute;t. Vậy tại sao kh&ocirc;ng thử một c&aacute;ch l&agrave;m mới vừa hiệu quả lại c&oacute; thể đ&aacute;p ứng nhu cầu dễ chiều n&agrave;y của bạn. Một số nh&agrave; thiết kế đ&atilde; đặt bồn tắm ngay trong ph&ograve;ng ngủ. Bạn sẽ tự hỏi liệu c&aacute;ch l&agrave;m n&agrave;y c&oacute; khiến mỹ quan trong ph&ograve;ng bị ph&aacute; vỡ v&agrave; cảm gi&aacute;c như m&igrave;nh đang ngủ trong ph&ograve;ng tắm. C&acirc;u trả lời l&agrave; kh&ocirc;ng. Ngược lại, c&aacute;ch l&agrave;m n&agrave;y c&ograve;n mang tới sự thoải m&aacute;i v&agrave; tự do ngay ch&iacute;nh kh&ocirc;ng gian ri&ecirc;ng tư thuộc về m&igrave;nh.</span>&nbsp;</span></p>\n\n<p style=\"text-align:center\"><span style=\"color:#000000\"><iframe frameborder=\"0\" height=\"374\" scrolling=\"no\" src=\"https://drive.google.com/file/d/1xED1zoXF7rtw5_pPwlUvkUbyIuUP4sAt/preview\" width=\"600\"></iframe></span></p>\n\n<p><span style=\"color:#000000\"><span style=\"font-size:14px\">Trực quan cho ch&uacute;ng ta thấy sự th&ocirc;ng minh của thiết kế khi bao từ bồn tắm đến giường bằng gạch cao.</span></span></p>\n\n<p style=\"text-align:center\"><span style=\"color:#000000\"><iframe frameborder=\"0\" height=\"374\" scrolling=\"no\" src=\"https://drive.google.com/file/d/1WrOcPlYRtRnJNFmvq2zmuVLrxIjhcodv/preview\" width=\"600\"></iframe></span></p>\n\n<p><span style=\"color:#000000\"><span style=\"font-size:14px\">T&aacute;ch bồn khỏi giường nhờ một bức tường ngắn. Điều n&agrave;y sẽ tốt trong việc thiết kế cho một kh&ocirc;ng gian nhỏ.</span></span></p>\n\n<p style=\"text-align:center\"><span style=\"color:#000000\"><iframe frameborder=\"0\" height=\"374\" scrolling=\"no\" src=\"https://drive.google.com/file/d/1jKGe1xavTpUzJRx6tK84BmIJGRYjFUjX/preview\" width=\"600\"></iframe></span></p>\n\n<p><span style=\"color:#000000\"><span style=\"font-size:14px\"><strong>2. Khu vui chơi trong nh&agrave;</strong></span></span></p>\n\n<p><span style=\"color:#000000\"><span style=\"font-size:14px\">Kết hợp khu vui chơi của trẻ với c&aacute;c khu vực kh&aacute;c trong nh&agrave; l&agrave; một xu hướng mới trong thiết kế nh&agrave;.&nbsp;Tất nhi&ecirc;n, phổ biến nhất l&agrave; sự kết hợp c&ugrave;ng ph&ograve;ng ngủ của trẻ.&nbsp;Nhưng c&aacute;c kh&ocirc;ng gian kh&aacute;c vẫn c&oacute; thể được sử dụng tương tự.</span></span></p>\n\n<p><span style=\"color:#000000\"><span style=\"font-size:14px\">C&oacute; một nơi trong nh&agrave; cho trẻ em chơi l&agrave; một lựa chọn tốt nhất khi gia đ&igrave;nh bạn cảm thấy kh&ocirc;ng an to&agrave;n khi cho trẻ chơi ở c&aacute;c khu vực sinh hoạt chung trong th&agrave;nh phố. V&igrave; những yếu tố như thời tiết, bệnh dịch, sức khỏe,... Dưới đ&acirc;y l&agrave; một số &yacute; tưởng s&aacute;ng tạo để đưa s&acirc;n chơi v&agrave;o b&ecirc;n trong kh&ocirc;ng gian sống của căn hộ.</span></span></p>\n\n<p style=\"text-align:center\"><span style=\"color:#000000\"><iframe frameborder=\"0\" height=\"960\" scrolling=\"no\" src=\"https://drive.google.com/file/d/1LDVDtVZ9WixAP07XMIKGTfntCMTFLe4j/preview\" width=\"640\"></iframe></span></p>\n\n<p><span style=\"color:#000000\"><span style=\"font-size:14px\">Thiết kế s&aacute;ng tạo n&agrave;y kết hợp một khu vui chơi bổ &iacute;ch với b&agrave;n học.</span></span></p>\n\n<p style=\"text-align:center\"><span style=\"color:#000000\"><iframe frameborder=\"0\" height=\"960\" scrolling=\"no\" src=\"https://drive.google.com/file/d/1wvv3F0rtCA_9bsgNOKhrsDwAYj5IgN6j/preview\" width=\"640\"></iframe></span></p>\n\n<p><span style=\"color:#000000\"><span style=\"font-size:14px\">Một chiếc giường g&aacute;c x&eacute;p của trẻ em sẽ bổ sung th&ecirc;m kh&ocirc;ng gian lưu trữ v&agrave; chơi đ&ugrave;a.</span></span></p>\n\n<p><span style=\"color:#000000\"><span style=\"font-size:14px\"><strong>3. Kết hợp ph&ograve;ng bếp v&agrave; nh&agrave; ăn</strong></span></span></p>\n\n<p><span style=\"color:#000000\"><span style=\"font-size:14px\">Một trong những c&aacute;ch dễ nhất để tạo ra c&aacute;c ph&ograve;ng đa chức năng l&agrave; kết hợp nh&agrave; bếp với khu vực ph&ograve;ng ăn.&nbsp;Khi c&aacute;c thiết kế s&agrave;n mở trở n&ecirc;n phổ biến hơn, mọi người kh&ocirc;ng muốn một ph&ograve;ng ăn t&aacute;ch biệt với ph&ograve;ng ri&ecirc;ng của m&igrave;nh.&nbsp;Họ muốn c&oacute; thể nấu ăn v&agrave; giao tiếp với mọi người. Kh&ocirc;ng gian lớn n&ecirc;n tận dụng tốt việc kết hợp nh&agrave; bếp v&agrave; khu vực ăn uống th&agrave;nh một ph&ograve;ng.&nbsp;Đ&oacute; l&agrave; một &yacute; tưởng đặc biệt tốt cho c&aacute;c căn hộ nhỏ v&igrave; n&oacute; cắt giảm nhu cầu cho một căn ph&ograve;ng ri&ecirc;ng biệt kh&aacute;c.&nbsp;N&oacute; cũng c&oacute; nghĩa l&agrave; kh&ocirc;ng ai bị t&aacute;ch khỏi đ&aacute;m đ&ocirc;ng trong khi nấu ăn.</span></span></p>\n\n<p style=\"text-align:center\"><span style=\"color:#000000\"><iframe frameborder=\"0\" height=\"374\" scrolling=\"no\" src=\"https://drive.google.com/file/d/19Ts0Um6zOBlTJT95urhAzZ6qphtshoME/preview\" width=\"600\"></iframe></span></p>\n\n<p><span style=\"color:#000000\"><span style=\"font-size:14px\">Thiết kế n&agrave;y kết hợp kh&ocirc;ng gian ngồi trong ph&ograve;ng bếp với một b&agrave;n ăn ngay ngo&agrave;i bếp gi&uacute;p tăng diện t&iacute;ch chỗ ngồi hơn.</span></span></p>\n\n<p style=\"text-align:center\"><span style=\"color:#000000\"><iframe frameborder=\"0\" height=\"374\" scrolling=\"no\" src=\"https://drive.google.com/file/d/1wk2Al8CgJ9XeQ1YWNXrjDciD59nLUaJw/preview\" width=\"600\"></iframe></span></p>\n\n<p><span style=\"color:#000000\"><span style=\"font-size:14px\">Mở rộng nh&agrave; bếp th&agrave;nh b&agrave;n ăn ngay lập tức.</span></span></p>\n\n<p style=\"text-align:center\"><span style=\"color:#000000\"><iframe frameborder=\"0\" height=\"374\" scrolling=\"no\" src=\"https://drive.google.com/file/d/1RzfuAGJpADJcjQ3Vk3epbMWAecoHmckj/preview\" width=\"600\"></iframe></span></p>\n\n<p><span style=\"color:#000000\"><span style=\"font-size:14px\">Một g&oacute;c ăn s&aacute;ng l&agrave; c&aacute;ch tốt để kết hợp nh&agrave; bếp v&agrave; khu vực ăn uống.</span></span></p>\n\n<p style=\"text-align:center\"><span style=\"color:#000000\"><iframe frameborder=\"0\" height=\"374\" scrolling=\"no\" src=\"https://drive.google.com/file/d/1aW8IYsM563Vl5ks1_EnFk7Cz0cM102Ux/preview\" width=\"600\"></iframe></span></p>\n\n<p><span style=\"color:#000000\"><span style=\"font-size:14px\">Kết hợp khu vực ăn uống với bồn rửa l&agrave; c&aacute;ch thiết kế th&ocirc;ng minh của một căn ph&ograve;ng đa chức năng.</span></span></p>\n\n<p><span style=\"color:#000000\"><span style=\"font-size:14px\"><strong>4. Giường ngủ đa năng</strong></span></span></p>\n\n<p><span style=\"color:#000000\"><span style=\"font-size:14px\">Nếu bạn đang c&oacute; một kh&ocirc;ng gian sống thực sự nhỏ, bạn sẽ cần s&aacute;ng tạo với c&aacute;ch sắp xếp giấc ngủ của m&igrave;nh.&nbsp;Giường chiếm rất nhiều kh&ocirc;ng gian s&agrave;n qu&yacute; gi&aacute; trong một khu vực sinh hoạt nhỏ.&nbsp;May mắn thay, giường gấp c&oacute; nghĩa l&agrave; bạn c&oacute; thể đặt một ph&ograve;ng ngủ tạm thời ở bất cứ đ&acirc;u, tạo ra một kh&ocirc;ng gian thực sự đa chức năng.</span></span></p>\n\n<p><span style=\"color:#000000\"><span style=\"font-size:14px\">Tuy nhi&ecirc;n, thay v&igrave; cảm thấy như kh&ocirc;ng gian th&ecirc;m chật chội, th&igrave; những &yacute; tưởng dưới đ&acirc;y l&agrave; một sự bổ sung sang trọng cho một kh&ocirc;ng gian mới.&nbsp;Những chiếc giường xếp với tủ tr&ocirc;ng liền mạch v&agrave; hiện đại.&nbsp;Một số kh&ocirc;ng gian bạn sẽ kh&ocirc;ng nghĩ đến việc kết hợp lại c&oacute; thể ho&agrave;n hảo như thế.</span></span></p>\n\n<p style=\"text-align:center\"><span style=\"color:#000000\"><iframe frameborder=\"0\" height=\"374\" scrolling=\"no\" src=\"https://drive.google.com/file/d/1L9mOV7n1E_ErImEWoPyeCM9IShO7IUES/preview\" width=\"600\"></iframe></span></p>\n\n<p><span style=\"color:#000000\"><span style=\"font-size:14px\">Nếu bạn kh&ocirc;ng thể quyết định giữa ph&ograve;ng l&agrave;m việc tại nh&agrave; v&agrave; ph&ograve;ng ngủ d&agrave;nh cho kh&aacute;ch, thiết kế n&agrave;y sẽ gi&uacute;p bạn kh&ocirc;ng phải chọn nữa.</span></span></p>\n\n<p style=\"text-align:center\"><span style=\"color:#000000\"><iframe frameborder=\"0\" height=\"374\" scrolling=\"no\" src=\"https://drive.google.com/file/d/11eLETrHE06V7TN_Rz_eLOa6fP2eH725B/preview\" width=\"600\"></iframe></span></p>\n\n<p><span style=\"color:#000000\"><span style=\"font-size:14px\">Chiếc giường n&agrave;y c&oacute; thể gập xuống ngay tr&ecirc;n ghế sofa.</span></span></p>\n\n<p style=\"text-align:center\"><span style=\"color:#000000\"><iframe frameborder=\"0\" height=\"374\" scrolling=\"no\" src=\"https://drive.google.com/file/d/1H6nMpD4ZeHQjB1gb7W97ZSX7_HdP2xfk/preview\" width=\"600\"></iframe></span></p>\n\n<p><span style=\"color:#000000\"><span style=\"font-size:14px\">Một khoảng trống tr&ecirc;n tường hiện đại với kiểu d&aacute;ng đẹp l&agrave; một nơi tuyệt vời để giấu chiếc giường của bạn.</span></span></p>\n\n<p><span style=\"color:#000000\"><span style=\"font-size:14px\"><strong>5. T&iacute;ch hợp g&oacute;c l&agrave;m việc</strong></span></span></p>\n\n<p><span style=\"color:#000000\"><span style=\"font-size:14px\">Ph&ograve;ng l&agrave;m việc tại nh&agrave; l&agrave; kh&ocirc;ng gian kh&oacute; nhằn nhất để len lỏi v&agrave;o một kh&ocirc;ng gian nhỏ.&nbsp;C&oacute; một c&aacute;i g&igrave; đ&oacute; khiến mọi người lu&ocirc;n mặc định rằng, ph&ograve;ng l&agrave;m việc chỉ d&agrave;nh cho những căn hộ c&oacute; diện t&iacute;ch lớn cho những người c&oacute; ph&ograve;ng ngủ hoặc kh&ocirc;ng gian kh&aacute;c dự ph&ograve;ng.</span></span></p>\n\n<p><span style=\"color:#000000\"><span style=\"font-size:14px\">Tuy nhi&ecirc;n, những ph&ograve;ng đa chức năng n&agrave;y chứng minh rằng bạn kh&ocirc;ng cần phải sống trong biệt thự hay nh&agrave; rộng để c&oacute; một căn ph&ograve;ng l&agrave;m việc tại nh&agrave;.&nbsp;Với một số thiết kế s&aacute;ng tạo, bất kỳ kh&ocirc;ng gian n&agrave;o cũng c&oacute; thể l&agrave; một ph&ograve;ng l&agrave;m việc tại nh&agrave;.&nbsp;Đ&acirc;y l&agrave; một số cảm hứng thiết kế mở bạn c&oacute; thể tham khảo.</span></span></p>\n\n<p style=\"text-align:center\"><span style=\"color:#000000\"><iframe frameborder=\"0\" height=\"374\" scrolling=\"no\" src=\"https://drive.google.com/file/d/1ltxyWqH4uNKmeRdgK-Rk8YCntFNctQQl/preview\" width=\"600\"></iframe></span></p>\n\n<p><span style=\"color:#000000\"><span style=\"font-size:14px\">Một b&agrave;n l&agrave;m việc ngay ngo&agrave;i ph&ograve;ng kh&aacute;ch thật gọn g&agrave;ng v&agrave; ho&agrave;n chỉnh.</span></span></p>\n\n<p style=\"text-align:center\"><span style=\"color:#000000\"><iframe frameborder=\"0\" height=\"374\" scrolling=\"no\" src=\"https://drive.google.com/file/d/1D4z0KdUSzGcyr-d9IQkC71VrV9zoa5Q0/preview\" width=\"600\"></iframe></span></p>\n\n<p><span style=\"color:#000000\"><span style=\"font-size:14px\">Bạn cũng c&oacute; thể đặt một m&aacute;y t&iacute;nh v&agrave; chiếc ghế ngồi trong một kh&ocirc;ng gian trống dưới tủ v&agrave; kệ.</span></span></p>\n','2020-05-27','Kết hợp nhiều chức năng sống trong một không gian đang trở thành xu hướng mới cho những căn hộ chung cư có diện tích nhỏ[...]','https://drive.google.com/uc?id=1xED1zoXF7rtw5_pPwlUvkUbyIuUP4sAt','Thiết kế không gian đa chức năng thông minh cho những căn hộ chung cư có diện tích nhỏ',3),(11,'<p><span style=\"color:#000000\"><strong><span style=\"font-size:18px\">Theo biểu đồ của JLL, nhiều khả năng trong qu&yacute; 2 ph&acirc;n kh&uacute;c căn hộ để b&aacute;n v&agrave; thị trường b&aacute;n lẻ sẽ bước v&agrave;o giai đoạn giảm nhanh về gi&aacute;.</span></strong></span></p>\n\n<p style=\"text-align:center\"><span style=\"color:#000000\"><strong><span style=\"font-size:18px\"><iframe frameborder=\"0\" height=\"450\" scrolling=\"no\" src=\"https://drive.google.com/file/d/1OsHkvy7LW4h19hoU6VcWPJgvNrxIk3a8/preview\" width=\"800\"></iframe></span></strong></span></p>\n\n<p><span style=\"color:#000000\"><span style=\"font-size:14px\">Mới đ&acirc;y, C&ocirc;ng ty tư vấn JLL vừa c&ocirc;ng bố b&aacute;o c&aacute;o Thị trường BĐS qu&yacute; 1. B&aacute;o c&aacute;o thị trường BĐS qu&yacute; 1 của JLL cho biết thị trường BĐS đ&atilde; chịu những t&aacute;c động trong qu&yacute; 1, tuy nhi&ecirc;n mức gi&aacute; chưa bị ảnh hưởng r&otilde; n&eacute;t. Tuy nhi&ecirc;n, theo c&ocirc;ng ty n&agrave;y nhiều khả năng thị trường sẽ chứng kiến những đợt giảm gi&aacute; trong qu&yacute; 2.</span></span></p>\n\n<p><span style=\"color:#000000\"><span style=\"font-size:14px\">&quot;T&aacute;c động của Covid-19 l&ecirc;n gi&aacute; c&oacute; thể chưa được cảm nhận r&otilde; r&agrave;ng trong qu&yacute; I v&igrave; ảnh hưởng từ sự thiếu hụt nguồn cung vẫn c&ograve;n; Hơn nữa, những nh&agrave; đầu tư vẫn cố gắng giữ mức gi&aacute; m&agrave; họ đ&atilde; lập ra từ trước khi dịch b&ugrave;ng ph&aacute;t. Tuy nhi&ecirc;n nếu t&igrave;nh h&igrave;nh trở n&ecirc;n tồi tệ hơn, c&aacute;c ch&iacute;nh s&aacute;ch k&iacute;ch cầu c&oacute; thể cần được xem x&eacute;t&quot;, JLL cho biết.</span></span></p>\n\n<p><span style=\"color:#000000\"><span style=\"font-size:14px\">Dự b&aacute;o về c&aacute;c qu&yacute; sau, JLL sử dụng biểu đồ dạng đồng hồ để JLL thể hiện c&aacute;c giai đoạn ph&aacute;t triển của thị trường bất động sản trong một chu kỳ gi&aacute;/gi&aacute; thu&ecirc; tại mỗi qu&yacute; khảo s&aacute;t. Mỗi ph&acirc;n kh&uacute;c/thị trường c&oacute; thể dịch chuyển tr&ecirc;n Biểu đồ chu kỳ với tốc độ v&agrave; chiều hướng kh&aacute;c nhau.</span></span></p>\n\n<p><span style=\"color:#000000\"><span style=\"font-size:14px\">Đ&acirc;y l&agrave; dạng biểu đồ được d&ugrave;ng để so s&aacute;nh v&agrave; định vị một c&aacute;ch tương đối c&aacute;c giai đoạn ph&aacute;t triển của thị trường trong chu kỳ gi&aacute;/gi&aacute; thu&ecirc;. Vị tr&iacute; của c&aacute;c ph&acirc;n kh&uacute;c/thị trường kh&ocirc;ng nhất thiết phản &aacute;nh triển vọng đầu tư của ph&acirc;n kh&uacute;c/thị trường đ&oacute; m&agrave; thể hiện xu hướng dịch chuyển gi&aacute;/gi&aacute; thu&ecirc; hiện tại cũng như xu hướng dự kiến trong qu&yacute; tiếp theo.</span></span></p>\n\n<p style=\"text-align:center\"><span style=\"color:#000000\"><span style=\"font-size:14px\"><iframe frameborder=\"0\" height=\"450\" scrolling=\"no\" src=\"https://drive.google.com/file/d/1lvGX2bZk1Bfy_PBk4VyhXIZX0SfBZ5UB/preview\" width=\"800\"></iframe></span></span></p>\n\n<p style=\"text-align:center\"><strong><span style=\"font-size:16px\"><span style=\"color:#000000\">Chu kỳ tăng trưởng thị trường BĐS Việt Nam.</span></span></strong></p>\n\n<p><span style=\"color:#000000\"><span style=\"font-size:14px\">Theo biểu đồ n&agrave;y, trong qu&yacute; 1/2020 c&oacute; 5 ph&acirc;n kh&uacute;c bất động sản ở giai đoạn tăng nhanh l&agrave; thị trường văn ph&ograve;ng H&agrave; Nội, văn ph&ograve;ng TPHCM, nh&agrave; liền thổ TPHCM, căn hộ để b&aacute;n TPHCM, thị trường khu c&ocirc;ng nghiệp Đ&ocirc;ng Nam. Trong khi đ&oacute; thị trường căn hộ b&aacute;n H&agrave; Nội v&agrave; b&aacute;n lẻ (H&agrave; Nội v&agrave; TPHCM) c&oacute; dấu hiệu tăng chậm trong qu&yacute; vừa qua.</span></span></p>\n\n<p><span style=\"color:#000000\"><span style=\"font-size:14px\">Theo biểu đồ của JLL, nhiều khả năng trong qu&yacute; 2 ph&acirc;n kh&uacute;c căn hộ để b&aacute;n v&agrave; thị trường b&aacute;n lẻ sẽ bước v&agrave;o giai đoạn giảm nhanh về gi&aacute;. Dự b&aacute;o n&agrave;y của JLL đưa ra trong bối cảnh dịch Covid-19 đang&nbsp; t&aacute;c động mạnh mẽ đến thị trường BĐS.</span></span></p>\n\n<p><span style=\"color:#000000\"><span style=\"font-size:14px\">Bước sang qu&yacute; 3, ph&acirc;n kh&uacute;c căn hộ tại cả TPHCM v&agrave; H&agrave; Nội tiếp tục bước v&agrave;o giai đoạn giảm gi&aacute; v&agrave; nhiều khả năng chỉ c&oacute; thể phục hồi khi bước sang qu&yacute; 1/2021.</span></span></p>\n\n<p><span style=\"color:#000000\"><span style=\"font-size:14px\">C&ugrave;ng quan điểm với JLL, &ocirc;ng Phan Xu&acirc;n Cần &ndash; Chủ tịch Sohovietnam, một đơn vị chuy&ecirc;n tư vấn M&amp;A bất động sản, nh&igrave;n nhận do ảnh hưởng rất nặng nề của dịch bệnh Covid-19 n&ecirc;n thời gian tới cơ hội mua t&agrave;i sản gi&aacute; rẻ sắp xuất hiện.</span></span></p>\n\n<p><span style=\"color:#000000\"><span style=\"font-size:14px\">Đồng &yacute; với &yacute; kiến của &ocirc;ng Cần, &ocirc;ng Dương Đức Hiển, Gi&aacute;m đốc Kinh doanh của MIKGroup đưa ra khi b&igrave;nh luận thời gian tới l&agrave; cơ hội cho những người c&oacute; nhu cầu thực. Bởi, đầu tư trong giai đoạn n&agrave;y sẽ c&oacute; nhiều lựa chọn ưng &yacute;, &iacute;t cạnh tranh v&agrave; c&oacute; khả năng nhận được những ưu đ&atilde;i tốt từ c&aacute;c chủ đầu tư dự &aacute;n. Những người c&oacute; nhu cầu ở thực c&ograve;n c&oacute; cơ hội để mua được BĐS với gi&aacute; cả hợp l&yacute; v&agrave; kh&ocirc;ng sợ bị ảnh hưởng bởi giới đầu cơ hay đầu tư lướt s&oacute;ng.</span></span></p>\n','2020-05-08','Theo biểu đồ của JLL, nhiều khả năng trong quý 2 phân khúc căn hộ để bán và thị trường bán lẻ sẽ bước vào giai đoạn giảm nhanh về giá[...]','https://drive.google.com/uc?id=1DNCyqdEzg6mb9KdTAFeCIYRcWvufmrQI','Căn hộ chung cư sẽ tiếp tục giảm giá từ nay đến hết năm 2020',3),(12,'<p><span style=\"color:#000000\"><span style=\"font-size:18px\"><strong>(TN&amp;MT) &ndash; Để tr&aacute;nh trường hợp lạm quyền, trục lợi, Sở X&acirc;y dựng kiến nghị bỏ cơ chế chủ đầu tư thu kinh ph&iacute; bảo tr&igrave; 2% phần sở hữu chung nh&agrave; chung cư.</strong></span></span></p>\n\n<p><span style=\"color:#000000\"><span style=\"font-size:14px\">Sở X&acirc;y dựng TP.HCM cho biết vừa c&oacute; văn bản số 5311/BC-SXD-QLN&amp;CS &ldquo;về t&igrave;nh h&igrave;nh quản l&yacute;, vận h&agrave;nh, sử dụng nh&agrave; chung cư tr&ecirc;n địa b&agrave;n năm 2019&rdquo; c&oacute; 1.401 chung cư với 2.119 block, chung cư x&acirc;y dựng trước năm 1975 c&oacute; 474 chung cư, hiện đ&atilde; xuống cấp nghi&ecirc;m trọng đang được UBND c&aacute;c quận, huyện quản l&yacute; v&agrave; th&aacute;o dỡ khi cần thiết.</span></span></p>\n\n<p style=\"text-align:center\"><span style=\"color:#000000\"><iframe frameborder=\"0\" height=\"450\" scrolling=\"no\" src=\"https://drive.google.com/file/d/1UN32AXUz25GTWy0pCGfwG_rWLXkAE962/preview\" width=\"800\"></iframe></span></p>\n\n<table align=\"center\">\n	<tbody>\n		<tr>\n			<td>\n			<p><strong><span style=\"font-size:14px\"><span style=\"color:#000000\">Cư d&acirc;n chung cư Khang Gia T&acirc;n Hương đưa cư d&acirc;n v&agrave;o ở nhiều năm nhưng kh&ocirc;ng giao ph&iacute; bảo tr&igrave;</span></span></strong></p>\n			</td>\n		</tr>\n	</tbody>\n</table>\n\n<p><span style=\"color:#000000\"><span style=\"font-size:14px\">Ri&ecirc;ng c&aacute;c chung cư x&acirc;y dựng từ sau năm 1975 đến năm 2005 phần lớn c&oacute; dấu hiệu xuống cấp. Hầu hết c&aacute;c chung cư kh&ocirc;ng c&oacute; thang m&aacute;y, kh&ocirc;ng c&oacute; hệ thống ph&ograve;ng ch&aacute;y chữa ch&aacute;y.</span></span></p>\n\n<p><span style=\"color:#000000\"><span style=\"font-size:14px\">C&ograve;n c&aacute;c chung cư từ 2005 đến nay c&ocirc;ng t&aacute;c đầu tư x&acirc;y dựng nh&agrave; chung cư c&ograve;n kh&aacute; tốt, chủ đầu tư c&oacute; quan t&acirc;m đến chất lượng c&ocirc;ng tr&igrave;nh, tu&acirc;n th&ugrave; c&aacute;c quy định về quản l&yacute; đầu tư c&ocirc;ng tr&igrave;nh.</span></span></p>\n\n<p><span style=\"color:#000000\"><span style=\"font-size:14px\">Ngo&agrave;i ra, số lượng nh&agrave; chung cư đ&atilde; v&agrave; đang thực hiện b&agrave;n giao ph&iacute; bảo tr&igrave; phần sở hữu chung của nh&agrave; chung cư chỉ c&oacute; 194 chung cư. Tại nhiều chung cư, chủ đầu tư kh&ocirc;ng tổ chức Hội nghị nh&agrave; chung cư.</span></span></p>\n\n<p><span style=\"color:#000000\"><span style=\"font-size:14px\">&ldquo;Ngo&agrave;i một số l&yacute; do kh&aacute;ch quan, nhiều chủ đầu tư muốn &ldquo;&ocirc;m&rdquo; quản l&yacute; vận h&agrave;nh nh&agrave; chung cư, quản l&yacute; lu&ocirc;n phần kinh ph&iacute; bảo tr&igrave; v&agrave; sử dụng phần diện t&iacute;ch thuộc sở hữu chung của cư d&acirc;n. Một số chung cư đ&atilde; được th&agrave;nh lập ban quản trị, chủ đầu tư vẫn chưa ho&agrave;n th&agrave;nh b&agrave;n giao kinh ph&iacute; bảo tr&igrave; cho ban quản trị. Từ đ&oacute; dẫn đến tranh chấp gay gắt giữa cư d&acirc;n với chủ đầu tư, do chung cư xuống cấp nhưng kh&ocirc;ng c&oacute; tiền bảo tr&igrave;&rdquo;, luật sư Nguyễn Đức Ch&aacute;nh &ndash; Đo&agrave;n luật sư TP.HCM nhận định.</span></span></p>\n\n<p style=\"text-align:center\"><span style=\"color:#000000\"><iframe frameborder=\"0\" height=\"450\" scrolling=\"no\" src=\"https://drive.google.com/file/d/1DoDPfOUUpFQNTjqdaWlhYH2j-U96v2ge/preview\" width=\"800\"></iframe></span></p>\n\n<table align=\"center\">\n	<tbody>\n		<tr>\n			<td>\n			<p><strong><span style=\"font-size:14px\"><span style=\"color:#000000\">Cư d&acirc;n chung cư Kim T&acirc;m Hải y&ecirc;u cầu chủ đầu tư giao ph&iacute; bảo tr&igrave; 2%</span></span></strong></p>\n			</td>\n		</tr>\n	</tbody>\n</table>\n\n<p><span style=\"color:#000000\"><span style=\"font-size:14px\">Sở X&acirc;y dựng kiến nghị điều chỉnh ph&aacute;p luật để cưỡng chế Chủ đầu tư b&agrave;n giao kinh ph&iacute; bảo tr&igrave; 2% phần sở hữu chung nh&agrave; chung cư cho Ban quản trị theo hướng c&aacute;c b&ecirc;n khởi kiện tại TAND theo hướng ph&aacute;p luật về tố tụng d&acirc;n sự. Đồng thời, kiến nghị bỏ cơ chế chủ đầu tư thu kinh ph&iacute; bảo tr&igrave; 2% phần sở hữu chung nh&agrave; chung cư.&nbsp;</span></span></p>\n\n<p><span style=\"color:#000000\"><span style=\"font-size:14px\">Theo &ocirc;ng L&ecirc; Ho&agrave;ng Ch&acirc;u, Chủ tịch Hiệp hội Bất động sản TP.HCM, hiện nay quy định chủ t&agrave;i khoản của ban quản trị chung cư c&oacute; thể l&agrave; một hoặc nhiều th&agrave;nh vi&ecirc;n đứng t&ecirc;n đồng chủ t&agrave;i khoản. Nhưng tr&ecirc;n thực tế tại nhiều chung cư, t&agrave;i khoản n&agrave;y chỉ c&oacute; một người trong ban quản trị l&agrave;m chủ t&agrave;i khoản. Điều n&agrave;y dễ dẫn đến t&igrave;nh trạng lạm quyền, lạm chi, trục lợi c&aacute; nh&acirc;n g&acirc;y thiệt hại cho cư d&acirc;n.</span></span></p>\n\n<p><span style=\"color:#000000\"><span style=\"font-size:14px\">Do đ&oacute;, ngo&agrave;i việc số tiền tr&ecirc;n phải được chuyển v&agrave;o một t&agrave;i khoản ri&ecirc;ng khi chủ đầu tư thu từ kh&aacute;ch h&agrave;ng, luật cũng cần c&oacute; quy định r&otilde; chủ t&agrave;i khoản của ban quản trị chung cư phải c&oacute; từ hai người trở l&ecirc;n l&agrave;m đồng chủ t&agrave;i khoản để tr&aacute;nh trường hợp lạm quyền, trục lợi.</span></span></p>\n','2020-05-25','(TN&MT) – Để tránh trường hợp lạm quyền, trục lợi, Sở Xây dựng kiến nghị bỏ cơ chế chủ đầu tư thu kinh phí bảo trì 2% phần sở hữu chung nhà chung cư[...]','https://drive.google.com/uc?id=1ljWAHvdssql1zdFYjLE5q06AzTaJyYFq','TP.HCM: Kiến nghị bỏ thu phí bảo trì 2% nhà chung cư',3),(13,'<p><span style=\"color:#000000\"><span style=\"font-size:18px\"><strong>Sử dụng nội thất th&ocirc;ng minh cho căn hộ chung cư c&oacute; diện t&iacute;ch nhỏ đang l&agrave; xu hướng được nhiều người lựa chọn hiện nay.</strong></span></span></p>\n\n<p style=\"text-align:center\"><span style=\"color:#000000\"><span style=\"font-size:18px\"><strong><iframe frameborder=\"0\" height=\"450\" scrolling=\"no\" src=\"https://drive.google.com/file/d/1V81sIdEcTqVGoI-vZ8JgipYD_lDAxBfS/preview\" width=\"800\"></iframe></strong></span></span></p>\n\n<p><span style=\"font-size:14px\"><span style=\"color:#000000\">Bởi những m&oacute;n đồ&nbsp;</span><a href=\"http://gooc.vn\" rel=\"nofollow\" target=\"_blank\" title=\"nội thất thông minh\"><span style=\"color:#000000\">nội thất th&ocirc;ng minh</span></a><span style=\"color:#000000\">&nbsp;kh&ocirc;ng những tiết kiệm diện t&iacute;ch m&agrave; c&ograve;n mang tới nhiều t&iacute;nh năng v&ocirc; c&ugrave;ng tiện lợi cho người sử dụng.</span></span></p>\n\n<p><span style=\"display:none\">&nbsp;</span><span style=\"font-size:16px\"><span style=\"color:#000000\"><strong>Tại sao n&ecirc;n chọn&nbsp;nội thất th&ocirc;ng minh cho chung cư&nbsp;nhỏ?</strong></span></span><span style=\"display:none\">&nbsp;</span></p>\n\n<p><span style=\"color:#000000\"><span style=\"font-size:14px\">Đồ nội thất th&ocirc;ng minh cũng giống như c&aacute;c đồ d&ugrave;ng sinh hoạt h&agrave;ng ng&agrave;y như b&agrave;n ghế, giường, tủ...&nbsp;</span></span></p>\n\n<p><span style=\"color:#000000\"><span style=\"font-size:14px\">Tuy nhi&ecirc;n, điểm kh&aacute;c biệt lớn nhất l&agrave; nội thất th&ocirc;ng minh được thiết kế s&aacute;ng tạo hơn, gi&uacute;p t&iacute;ch hợp nhiều chức năng hơn trong c&ugrave;ng một sản phẩm m&agrave; những m&oacute;n đồ nội thất th&ocirc;ng thường kh&aacute;c kh&ocirc;ng c&oacute;.&nbsp;</span></span></p>\n\n<p><span style=\"color:#000000\"><span style=\"font-size:14px\">Ch&iacute;nh v&igrave; vậy m&agrave; nội thất th&ocirc;ng minh mang tới rất nhiều ưu điểm như:</span></span></p>\n\n<p><span style=\"color:#000000\"><span style=\"font-size:14px\">&bull; Tiết kiệm diện t&iacute;ch, gi&uacute;p kh&ocirc;ng gian sinh hoạt được rộng r&atilde;i v&agrave; thoải m&aacute;i hơn, ph&ugrave; hợp với những căn hộ chung cư c&oacute; diện t&iacute;ch nhỏ.</span></span></p>\n\n<p><span style=\"color:#000000\"><span style=\"font-size:14px\">&bull; Gi&uacute;p bạn tiết kiệm thời gian v&agrave; dễ d&agrave;ng hơn trong việc dọn dẹp nh&agrave; cửa.</span></span></p>\n\n<p><span style=\"color:#000000\"><span style=\"font-size:14px\">&bull; Căn hộ đầy đủ tiện nghi v&agrave; th&ecirc;m phần hiện đại.</span></span></p>\n\n<p><span style=\"font-size:16px\"><span style=\"color:#000000\"><strong>C&aacute;ch chọn nội thất th&ocirc;ng minh cho căn hộ chung cư mini</strong></span></span></p>\n\n<p><span style=\"color:#000000\"><span style=\"font-size:14px\">Xu hướng sử dụng nội thất th&ocirc;ng minh cho căn hộ&nbsp;ng&agrave;y c&agrave;ng trở n&ecirc;n ph&aacute;t triển. C&ugrave;ng với đ&oacute; k&eacute;o theo sự ra đời của rất nhiều sản phẩm. Vậy l&agrave;m thế n&agrave;o để chọn được những m&oacute;n đồ nội thất ph&ugrave; hợp nhất?</span></span></p>\n\n<p><span style=\"font-size:16px\"><span style=\"color:#000000\"><strong><em>Chọn nội thất th&ocirc;ng minh theo kh&ocirc;ng gian</em></strong></span></span></p>\n\n<p><span style=\"color:#000000\"><span style=\"font-size:14px\">Trong một căn hộ chung cư d&ugrave; c&oacute; diện t&iacute;ch lớn hay nhỏ th&igrave; cũng đều được thiết kế bao gồm 3 kh&ocirc;ng gian ch&iacute;nh đ&oacute; l&agrave; ph&ograve;ng kh&aacute;ch, ph&ograve;ng ngủ v&agrave; ph&ograve;ng bếp. Mỗi kh&ocirc;ng gian sẽ c&oacute; một chức năng kh&aacute;c nhau. V&igrave; vậy, bạn cần ch&uacute; &yacute; đến t&iacute;nh chất v&agrave; nhu cầu sử dụng để đưa ra lựa chọn ph&ugrave; hợp nhất.</span></span></p>\n\n<p><span style=\"color:#000000\"><span style=\"font-size:14px\">- Nội thất th&ocirc;ng minh ph&ograve;ng kh&aacute;ch</span></span></p>\n\n<p><span style=\"color:#000000\"><span style=\"font-size:14px\">Ph&ograve;ng kh&aacute;ch ch&iacute;nh l&agrave; kh&ocirc;ng gian sinh hoạt chung của mỗi gia đ&igrave;nh, đ&ograve;i hỏi diện t&iacute;ch rộng r&atilde;i để thuận tiện cho việc sinh hoạt. Nhưng đối với những căn hộ chung cư c&oacute; diện t&iacute;ch nhỏ hẹp l&agrave; điều kh&ocirc;ng thể.</span></span></p>\n\n<p><span style=\"color:#000000\"><span style=\"font-size:14px\">Tuy nhi&ecirc;n, thay v&igrave; lựa chọn những m&oacute;n đồ nội thất một chức năng th&igrave; bạn n&ecirc;n lựa chọn những m&oacute;n đồ nội thất th&ocirc;ng minh, với nhiều chức năng được t&iacute;ch hợp trong c&ugrave;ng một sản phẩm. Như vậy vừa mang tới sự tiện lợi vừa gi&uacute;p ph&ograve;ng kh&aacute;ch c&oacute; kh&ocirc;ng gian rộng r&atilde;i.</span></span></p>\n\n<p><span style=\"color:#000000\"><span style=\"font-size:14px\">Đối với ph&ograve;ng kh&aacute;ch th&igrave; bạn n&ecirc;n lựa chọn những m&oacute;n đồ như giường kết hợp với ghế sofa, b&agrave;n tr&agrave; th&ocirc;ng minh...</span></span></p>\n\n<p><span style=\"color:#000000\"><span style=\"font-size:14px\">- Nội thất th&ocirc;ng minh cho ph&ograve;ng bếp</span></span></p>\n\n<p><span style=\"color:#000000\"><span style=\"font-size:14px\">Nếu như diện t&iacute;ch ph&ograve;ng kh&aacute;ch kh&ocirc;ng rộng th&igrave; diện t&iacute;ch ph&ograve;ng bếp cũng kh&ocirc;ng mấy khả quan. B&ecirc;n cạnh việc tự thiết kế cho ph&ograve;ng bếp những m&oacute;n đồ tiết kiệm diện t&iacute;ch, tối đa h&oacute;a c&ocirc;ng năng th&igrave; bạn n&ecirc;n lựa chọn những m&oacute;n đồ th&ocirc;ng minh như b&agrave;n ăn th&ocirc;ng minh gắn với tường hoặc hệ trang tr&iacute;...</span></span></p>\n\n<p><span style=\"color:#000000\"><span style=\"font-size:14px\">- Nội thất th&ocirc;ng minh cho ph&ograve;ng ngủ</span></span></p>\n\n<p><span style=\"color:#000000\"><span style=\"font-size:14px\">Ph&ograve;ng ngủ kh&ocirc;ng chỉ l&agrave; nơi để nghỉ ngơi, cung cấp lại năng lượng m&agrave; c&ograve;n d&ugrave;ng để l&agrave;m việc. V&igrave; thế, ngo&agrave;i việc k&ecirc; một chiếc giường th&igrave; bạn c&ograve;n phải k&ecirc; nhiều m&oacute;n đồ kh&aacute;c như b&agrave;n l&agrave;m việc, tủ quần &aacute;o, dẫn đến việc tốn k&eacute;m rất nhiều diện t&iacute;ch.&nbsp;</span></span></p>\n\n<p><span style=\"color:#000000\"><span style=\"font-size:14px\">Vậy tại sao lại kh&ocirc;ng sử dụng đồ nội thất kết hợp giường với tủ quần &aacute;o hoặc kết hợp giường với b&agrave;n l&agrave;m việc.</span></span></p>\n\n<p><span style=\"font-size:16px\"><span style=\"color:#000000\"><strong><em>Lựa chọn theo thương hiệu</em></strong></span></span></p>\n\n<p><span style=\"color:#000000\"><span style=\"font-size:14px\">Hiện nay, tr&ecirc;n thị trường c&oacute; rất nhiều đồ nội thất th&ocirc;ng minh với nhiều kiểu d&aacute;ng, thiết kế v&agrave; chức năng kh&aacute;c nhau. Cho n&ecirc;n lời khuy&ecirc;n của ch&uacute;ng t&ocirc;i l&agrave; bạn n&ecirc;n chọn sản phẩm của những thương hiệu đảm bảo uy t&iacute;n về chất lượng.&nbsp;</span></span></p>\n\n<p><span style=\"color:#000000\"><span style=\"font-size:14px\">Một gợi &yacute; nhỏ d&agrave;nh cho bạn l&agrave; GOOC - nội thất s&aacute;ng tạo cho kh&ocirc;ng gian nhỏ.</span></span></p>\n\n<p><span style=\"font-size:16px\"><span style=\"color:#000000\"><strong><em>Lựa chọn theo gi&aacute;</em></strong></span></span></p>\n\n<p><span style=\"color:#000000\"><span style=\"font-size:14px\">Kinh nghiệm lựa chọn cuối c&ugrave;ng l&agrave; chọn mua đồ nội thất th&ocirc;ng minh theo gi&aacute;. Với nhiều thương hiệu, nhiều kiểu d&aacute;ng như vậy th&igrave; đồng nghĩa với việc sẽ c&oacute; nhiều mức gi&aacute; kh&aacute;c nhau.&nbsp;</span></span></p>\n\n<p><span style=\"color:#000000\"><span style=\"font-size:14px\">V&igrave; vậy h&atilde;y tham khảo thật kỹ mức gi&aacute; của nhiều đơn vị kh&aacute;c nhau v&agrave; so s&aacute;nh xem mức gi&aacute; n&agrave;o l&agrave; ph&ugrave; hợp nhất với nhu cầu, chất lượng v&agrave; c&ocirc;ng năng của sản phẩm.</span></span></p>\n\n<p><span style=\"font-size:16px\"><span style=\"color:#000000\"><strong>Một số sản phẩm nội thất th&ocirc;ng minh chất lượng gi&aacute; rẻ</strong></span></span></p>\n\n<p><span style=\"color:#000000\"><span style=\"font-size:14px\">Nếu đang c&oacute; nhu cầu chọn mua nội thất th&ocirc;ng minh cho&nbsp;căn hộ chung cư c&oacute; diện t&iacute;ch nhỏ của m&igrave;nh th&igrave; đừng n&ecirc;n bỏ qua những m&oacute;n đồ dưới đ&acirc;y.</span></span></p>\n\n<p><span style=\"font-size:16px\"><span style=\"color:#000000\"><strong><em>Ghế kết hợp cầu thang</em></strong></span></span></p>\n\n<p><span style=\"color:#000000\"><span style=\"font-size:14px\">Sản phẩm n&agrave;y được thiết kế với hai t&iacute;nh năng chủ yếu l&agrave; giống như một chiếc ghế ngồi v&agrave; một chiếc thang leo nhỏ. Khi cần thiết bạn c&oacute; thể sử dụng để ngồi hoặc leo l&ecirc;n tr&ecirc;n cao.</span></span></p>\n\n<p><span style=\"color:#000000\"><span style=\"font-size:14px\">Đặc biệt ghế kết hợp cầu thang c&oacute; thể di chuyển đến bất kỳ vị tr&iacute; n&agrave;o trong căn nh&agrave; chứ kh&ocirc;ng được đặt cố định như những chiếc cầu thang th&ocirc;ng thường.</span></span></p>\n\n<p><span style=\"font-size:16px\"><span style=\"color:#000000\"><strong><em>B&agrave;n sofa kết hợp với b&agrave;n l&agrave;m việc</em></strong></span></span></p>\n\n<p><span style=\"color:#000000\"><span style=\"font-size:14px\">Bạn kh&ocirc;ng muốn thiết kế một chiếc b&agrave;n l&agrave;m việc trong ph&ograve;ng ngủ vậy tại sao lại kh&ocirc;ng đặt ngay tại ph&ograve;ng kh&aacute;ch? Việc sử dụng một chiếc b&agrave;n sofa kết hợp với b&agrave;n l&agrave;m việc sẽ mang tới cho c&aacute;c bạn những trải nghiệm tuyệt vời với nhiều c&ocirc;ng năng ho&agrave;n hảo.</span></span></p>\n\n<p style=\"text-align:center\"><span style=\"color:#000000\"><span style=\"font-size:14px\"><iframe frameborder=\"0\" height=\"450\" scrolling=\"no\" src=\"https://drive.google.com/file/d/1VvrldCG0gekA3MwQJKe4j0w0Oi7JVa3J/preview\" width=\"800\"></iframe></span></span></p>\n\n<p><span style=\"font-size:16px\"><span style=\"color:#000000\"><strong><em>Sofa giường</em></strong></span></span></p>\n\n<p><span style=\"color:#000000\"><span style=\"font-size:14px\">Căn hộ chung cư của bạn qu&aacute; nhỏ v&agrave; kh&ocirc;ng được ph&acirc;n chia th&agrave;nh ph&ograve;ng kh&aacute;ch v&agrave; ph&ograve;ng ngủ ri&ecirc;ng? Sofa kết hợp giường ngủ sẽ l&agrave; một gợi &yacute; kh&ocirc;ng tồi d&agrave;nh cho bạn.&nbsp;</span></span></p>\n\n<p><span style=\"color:#000000\"><span style=\"font-size:14px\">Với m&oacute;n đồ n&agrave;y bạn vừa c&oacute; thể sử dụng như một chiếc giường hoặc sử dụng như một chiếc ghế tiếp kh&aacute;ch khi cần thiết.</span></span></p>\n\n<p><span style=\"font-size:16px\"><span style=\"color:#000000\"><strong><em>Giường tầng đa năng</em></strong></span></span></p>\n\n<p><span style=\"color:#000000\"><span style=\"font-size:14px\">Bạn nghĩ sao khi đặt một chiếc giường tầng đa năng trong ph&ograve;ng ngủ của con m&igrave;nh. Nếu như diện t&iacute;ch căn hộ của bạn qu&aacute; nhỏ m&agrave; nh&agrave; lại c&oacute; 2 trẻ nhỏ th&igrave; giường tầng đa năng sẽ l&agrave; sự lựa chọn ho&agrave;n hảo nhất.</span></span></p>\n\n<p><span style=\"color:#000000\"><span style=\"font-size:14px\">Bởi sản phẩm kh&ocirc;ng chỉ gi&uacute;p tiết kiệm kh&ocirc;ng gian cho b&eacute; m&agrave; c&ograve;n c&oacute; nhiều chức năng. V&iacute; dụ vừa d&ugrave;ng để ngủ vừa c&oacute; ngăn đựng quần &aacute;o tiện lợi.</span></span></p>\n\n<p><span style=\"color:#000000\"><span style=\"font-size:14px\">Hi vọng rằng với những chia sẻ tr&ecirc;n của ch&uacute;ng t&ocirc;i sẽ gi&uacute;p c&aacute;c bạn biết được c&aacute;ch lựa chọn nội thất th&ocirc;ng minh cho căn hộ chung cư.</span></span></p>\n','2020-04-19','Sử dụng nội thất thông minh cho căn hộ chung cư có diện tích nhỏ đang là xu hướng được nhiều người lựa chọn hiện nay[...]','https://drive.google.com/uc?id=18ArG_DXwlL3maQsF4BS_Jb2pWnVPHjtT','Chọn nội thất thông minh cho căn hộ chung cư Chọn nội thất thông minh cho căn hộ chung cư',3);
/*!40000 ALTER TABLE `notifications` ENABLE KEYS */;
UNLOCK TABLES;

--
-- Table structure for table `own_apartments`
--

DROP TABLE IF EXISTS `own_apartments`;
/*!40101 SET @saved_cs_client     = @@character_set_client */;
/*!50503 SET character_set_client = utf8mb4 */;
CREATE TABLE `own_apartments` (
  `id` int NOT NULL AUTO_INCREMENT,
  `birthday` date NOT NULL,
  `email` varchar(50) DEFAULT NULL,
  `fullname` varchar(50) NOT NULL,
  `gender` bit(1) NOT NULL,
  `home_town` varchar(50) NOT NULL,
  `identitycard` varchar(12) NOT NULL,
  `job` varchar(50) NOT NULL,
  `phone` varchar(11) NOT NULL,
  PRIMARY KEY (`id`),
  UNIQUE KEY `UK_4ry9yblfax7sl7df4bbpcrwrk` (`identitycard`)
) ENGINE=InnoDB AUTO_INCREMENT=33 DEFAULT CHARSET=utf8;
/*!40101 SET character_set_client = @saved_cs_client */;

--
-- Dumping data for table `own_apartments`
--

LOCK TABLES `own_apartments` WRITE;
/*!40000 ALTER TABLE `own_apartments` DISABLE KEYS */;
INSERT INTO `own_apartments` VALUES (2,'1999-06-07','quandeptrai@gmail.com','Lê Mạnh Quân',_binary '','Bạc Liêu','001026789809','Nhân Viên Tín Dụng','0345656741'),(3,'1996-07-14','tiendogsteal@gmail.com','Đào Quang Tiến',_binary '','An Giang','109876367','Công chức','084567338'),(4,'1991-01-01','luubi@gmail.com','Lưu Bị',_binary '','Thái Bình','091998768','Sales','0517809123'),(5,'1991-01-01','hoachdaudinh@gmail.com','Mạnh Hoạch',_binary '','Nghệ An','037789987','Giảng Viên','0356678907'),(6,'1991-01-01','trungdothua@gmail.com','Đỗ Thừa Trung',_binary '','Thanh Hóa','273890097','Buôn Bán','0718900009'),(7,'1993-08-09','thanhthaooto@gmail.com','Trần Thị Thanh Thảo',_binary '\0','Bắc Ninh','088678890987','Sales Ô tô','0353060089'),(8,'2000-12-21','nhansuty@gmail.com','Tô Nhan',_binary '\0','Trà Vinh','036636134','Lễ Tân','0887980654'),(9,'1991-01-01','manh123@gmail.com','Văn Mạnh',_binary '','Bắc Giang','089989678','Sinh Viên','0367890767'),(10,'1994-09-28','dungtaixe@gmail.com','Trương Quốc Dũng',_binary '','Nam Định','371890789','Tài xế','0367656454'),(11,'1993-09-08','thesu@gmail.com','Lục Thế Sự',_binary '','Bình Định','367776890','Giám sát','0345678876'),(12,'1993-03-03','ataotaoa@gmail.com','Giàng A Táo',_binary '','Cao Bằng','198897667','Phiên dịch viên','0356788761'),(13,'1994-07-08','gamtoanly@gmail.com','Thạch Thị Hồng Gấm',_binary '\0','Kiên Giang','026789564','Giáo Viên','0346787532'),(14,'1991-01-01','trungvq@gmail.com','Vương Quốc Trung',_binary '','Đồng Nai','378134492','Công An','0357536242'),(15,'2000-02-27','giaomypham@gmail.com','Trịnh Thị Mỹ Giao',_binary '\0','Bến Tre','147890045178','Kinh Doanh','0353224487'),(16,'1991-04-04','nguyetecopark@gmail.com','Bùi Tuyết Nguyệt',_binary '\0','Cần Thơ','073786356232','Sales BĐS','0353007979'),(18,'1996-08-07','chinhagribank@gmail.com','Ngô Đức Chính',_binary '','Ninh Thuận','264467889','Giao dịch viên','0818907642'),(19,'1996-07-07','anhvupr96@gmail.com','Thái Anh Vũ',_binary '','Ninh Thuận','264476752','Kiến trúc sư','0989419876'),(20,'1996-01-01','nhudatvo@gmail.com','Võ Như Đạt',_binary '','Bình Định','378898120','Bảo trì viên','0728641786'),(21,'1996-06-06','minhsoldier@gmail.com','Hà Đình Minh',_binary '','Tây Ninh','362761452','Bộ Đội','0378641389'),(22,'1989-01-01','minhvenus@gmail.com','Nguyễn Minh',_binary '','Hà Nội','030789132','Doanh Nhân','0989989989'),(23,'1992-06-25','quyendo@gmail.com','Đỗ Tú Quyên',_binary '\0','Trà Vinh','027890143','Sales ô tô','0768861789'),(24,'1991-10-17','thaotring@gmail.com','Bùi Thảo Trinh',_binary '\0','Tiền Giang','167896390','Kinh doanh','0378902213'),(25,'1996-08-08','quoctuan96@gmail.com','Trần Quốc Tuấn',_binary '','Hồ Chí Minh','024482918','Sinh viên','0350789941'),(26,'1999-01-07','erotik@gmail.com','Dương Quốc Đạt',_binary '','Sóc Trăng','280178222','Sinh viên','0848907620'),(27,'2000-04-04','quangdinhle@gmail.com','Lê Quang Định',_binary '','Hậu Giang','022216820','Sinh viên','078986542'),(28,'1991-01-01','tienromantic@gmail.com','Bùi Thị Quỳnh Tiên',_binary '\0','Đắk lắk','147889201','Kinh Doanh','0347899621'),(29,'1987-09-15','nammaster@gmail.com','Trần Nam',_binary '','Phú Yên','427890167','Giáo Viên','0367862518'),(30,'1991-01-01','comathanhdia@gmail.com','Lệ Dung',_binary '\0','Nha Trang','023371888','Phong Thủy Sư','0378909281'),(31,'1988-01-10','chungsupport@gmail.com','Lê Đình Chung',_binary '','Tây Ninh','233467882','IT','0356133767'),(32,'1994-08-07','hoanglongjava@gmail.com','Nguyễn Bá Hoàng Long',_binary '','Hồ Chí Minh','001092008184','Lập Trình Viên','0353078878');
/*!40000 ALTER TABLE `own_apartments` ENABLE KEYS */;
UNLOCK TABLES;

--
-- Table structure for table `prices_electricity`
--

DROP TABLE IF EXISTS `prices_electricity`;
/*!40101 SET @saved_cs_client     = @@character_set_client */;
/*!50503 SET character_set_client = utf8mb4 */;
CREATE TABLE `prices_electricity` (
  `id` int NOT NULL AUTO_INCREMENT,
  `date` date NOT NULL,
  `limits` int NOT NULL,
  `note` varchar(255) DEFAULT NULL,
  `price` double NOT NULL,
  `id_employee` int NOT NULL,
  PRIMARY KEY (`id`),
  KEY `FKfksv20ymmwomw83aih0ldk05b` (`id_employee`),
  CONSTRAINT `FKfksv20ymmwomw83aih0ldk05b` FOREIGN KEY (`id_employee`) REFERENCES `employees` (`id`)
) ENGINE=InnoDB AUTO_INCREMENT=13 DEFAULT CHARSET=utf8;
/*!40101 SET character_set_client = @saved_cs_client */;

--
-- Dumping data for table `prices_electricity`
--

LOCK TABLES `prices_electricity` WRITE;
/*!40000 ALTER TABLE `prices_electricity` DISABLE KEYS */;
INSERT INTO `prices_electricity` VALUES (1,'2019-01-01',50,'Bậc 1',1500,2),(2,'2019-01-01',100,'Bậc 2',1600,2),(3,'2019-01-01',200,'Bậc 3',1900,2),(4,'2019-01-01',300,'Bậc 4',2400,2),(5,'2019-01-01',400,'Bậc 5',2700,2),(6,'2019-01-01',401,'Bậc 6',2800,2),(7,'2019-06-01',50,'Bậc 1',1678,2),(8,'2019-06-01',100,'Bậc 2',1734,2),(9,'2019-06-01',200,'Bậc 3',2014,2),(10,'2019-06-01',300,'Bậc 4',2536,2),(11,'2019-06-01',400,'Bậc 5',2834,2),(12,'2019-06-01',401,'Bậc 6',2927,2);
/*!40000 ALTER TABLE `prices_electricity` ENABLE KEYS */;
UNLOCK TABLES;

--
-- Table structure for table `prices_garbage`
--

DROP TABLE IF EXISTS `prices_garbage`;
/*!40101 SET @saved_cs_client     = @@character_set_client */;
/*!50503 SET character_set_client = utf8mb4 */;
CREATE TABLE `prices_garbage` (
  `id` int NOT NULL AUTO_INCREMENT,
  `date` date NOT NULL,
  `note` varchar(255) DEFAULT NULL,
  `price` double NOT NULL,
  `id_employee` int NOT NULL,
  PRIMARY KEY (`id`),
  UNIQUE KEY `UK_g2xtjmaykq1nnc1hpjimjjvg6` (`date`),
  KEY `FKh0ny52p5wev14n38or3x22ujo` (`id_employee`),
  CONSTRAINT `FKh0ny52p5wev14n38or3x22ujo` FOREIGN KEY (`id_employee`) REFERENCES `employees` (`id`)
) ENGINE=InnoDB AUTO_INCREMENT=2 DEFAULT CHARSET=utf8;
/*!40101 SET character_set_client = @saved_cs_client */;

--
-- Dumping data for table `prices_garbage`
--

LOCK TABLES `prices_garbage` WRITE;
/*!40000 ALTER TABLE `prices_garbage` DISABLE KEYS */;
INSERT INTO `prices_garbage` VALUES (1,'2019-01-01','đồng/tháng',30000,2);
/*!40000 ALTER TABLE `prices_garbage` ENABLE KEYS */;
UNLOCK TABLES;

--
-- Table structure for table `prices_management`
--

DROP TABLE IF EXISTS `prices_management`;
/*!40101 SET @saved_cs_client     = @@character_set_client */;
/*!50503 SET character_set_client = utf8mb4 */;
CREATE TABLE `prices_management` (
  `id` int NOT NULL AUTO_INCREMENT,
  `date` date NOT NULL,
  `note` varchar(255) DEFAULT NULL,
  `price` double NOT NULL,
  `id_employee` int NOT NULL,
  PRIMARY KEY (`id`),
  UNIQUE KEY `UK_s5w9pp2qf62sva05qyjm8ldlk` (`date`),
  KEY `FK1f8ofvpwagnke9n0uah6a9lpq` (`id_employee`),
  CONSTRAINT `FK1f8ofvpwagnke9n0uah6a9lpq` FOREIGN KEY (`id_employee`) REFERENCES `employees` (`id`)
) ENGINE=InnoDB AUTO_INCREMENT=2 DEFAULT CHARSET=utf8;
/*!40101 SET character_set_client = @saved_cs_client */;

--
-- Dumping data for table `prices_management`
--

LOCK TABLES `prices_management` WRITE;
/*!40000 ALTER TABLE `prices_management` DISABLE KEYS */;
INSERT INTO `prices_management` VALUES (1,'2019-01-01','đồng/tháng',250000,2);
/*!40000 ALTER TABLE `prices_management` ENABLE KEYS */;
UNLOCK TABLES;

--
-- Table structure for table `prices_parking`
--

DROP TABLE IF EXISTS `prices_parking`;
/*!40101 SET @saved_cs_client     = @@character_set_client */;
/*!50503 SET character_set_client = utf8mb4 */;
CREATE TABLE `prices_parking` (
  `id` int NOT NULL AUTO_INCREMENT,
  `date` date NOT NULL,
  `note` varchar(255) DEFAULT NULL,
  `price` double NOT NULL,
  `id_employee` int NOT NULL,
  `id_type` int NOT NULL,
  PRIMARY KEY (`id`),
  KEY `FK141dndk0h915lumu22qlgh6wm` (`id_employee`),
  KEY `FKcs2m6drrr2do1axocp1aaul5r` (`id_type`),
  CONSTRAINT `FK141dndk0h915lumu22qlgh6wm` FOREIGN KEY (`id_employee`) REFERENCES `employees` (`id`),
  CONSTRAINT `FKcs2m6drrr2do1axocp1aaul5r` FOREIGN KEY (`id_type`) REFERENCES `type_vehicels` (`id`)
) ENGINE=InnoDB AUTO_INCREMENT=4 DEFAULT CHARSET=utf8;
/*!40101 SET character_set_client = @saved_cs_client */;

--
-- Dumping data for table `prices_parking`
--

LOCK TABLES `prices_parking` WRITE;
/*!40000 ALTER TABLE `prices_parking` DISABLE KEYS */;
INSERT INTO `prices_parking` VALUES (1,'2019-01-01','đồng/tháng',60000,2,1),(2,'2019-01-01','đồng/tháng',120000,2,2),(3,'2019-01-01','đồng/tháng',300000,2,3);
/*!40000 ALTER TABLE `prices_parking` ENABLE KEYS */;
UNLOCK TABLES;

--
-- Table structure for table `prices_water`
--

DROP TABLE IF EXISTS `prices_water`;
/*!40101 SET @saved_cs_client     = @@character_set_client */;
/*!50503 SET character_set_client = utf8mb4 */;
CREATE TABLE `prices_water` (
  `id` int NOT NULL AUTO_INCREMENT,
  `date` date NOT NULL,
  `note` varchar(255) DEFAULT NULL,
  `price` double NOT NULL,
  `id_employee` int NOT NULL,
  PRIMARY KEY (`id`),
  UNIQUE KEY `UK_p03333c2fjw12i3hnhqx8od54` (`date`),
  KEY `FKas7auwx7lrrkvyrirnfmo65pd` (`id_employee`),
  CONSTRAINT `FKas7auwx7lrrkvyrirnfmo65pd` FOREIGN KEY (`id_employee`) REFERENCES `employees` (`id`)
) ENGINE=InnoDB AUTO_INCREMENT=2 DEFAULT CHARSET=utf8;
/*!40101 SET character_set_client = @saved_cs_client */;

--
-- Dumping data for table `prices_water`
--

LOCK TABLES `prices_water` WRITE;
/*!40000 ALTER TABLE `prices_water` DISABLE KEYS */;
INSERT INTO `prices_water` VALUES (1,'2019-01-01','đồng/m3',6000,2);
/*!40000 ALTER TABLE `prices_water` ENABLE KEYS */;
UNLOCK TABLES;

--
-- Table structure for table `regulations`
--

DROP TABLE IF EXISTS `regulations`;
/*!40101 SET @saved_cs_client     = @@character_set_client */;
/*!50503 SET character_set_client = utf8mb4 */;
CREATE TABLE `regulations` (
  `id` int NOT NULL AUTO_INCREMENT,
  `content` varchar(20000) NOT NULL,
  PRIMARY KEY (`id`)
) ENGINE=InnoDB AUTO_INCREMENT=2 DEFAULT CHARSET=utf8;
/*!40101 SET character_set_client = @saved_cs_client */;

--
-- Dumping data for table `regulations`
--

LOCK TABLES `regulations` WRITE;
/*!40000 ALTER TABLE `regulations` DISABLE KEYS */;
INSERT INTO `regulations` VALUES (1,'<h1 style=\"text-align:center\"><span style=\"font-size:26px\"><span style=\"color:#3498db\"><strong>NỘI&nbsp;QUY&nbsp;QUẢN&nbsp;L&Yacute;&nbsp;SỬ&nbsp;DỤNG&nbsp;NH&Agrave;&nbsp;CHUNG&nbsp;CƯ</strong></span></span></h1>\n\n<h2><span style=\"color:#c0392b\"><strong><span style=\"font-size:18px\">Điều&nbsp;1.&nbsp;Quy&nbsp;định&nbsp;đối&nbsp;với&nbsp;chủ&nbsp;sở&nbsp;hữu,&nbsp;người&nbsp;sử&nbsp;dụng,&nbsp;người&nbsp;tạm&nbsp;tr&uacute;&nbsp;v&agrave;&nbsp;kh&aacute;ch&nbsp;ra&nbsp;v&agrave;o&nbsp;nh&agrave;&nbsp;chung&nbsp;cư.</span></strong></span></h2>\n\n<p><span style=\"font-size:14px\">1.&nbsp;Chủ&nbsp;sở&nbsp;hữu&nbsp;nh&agrave;&nbsp;chung&nbsp;cư&nbsp;phải&nbsp;chấp&nbsp;h&agrave;nh&nbsp;nghi&ecirc;m&nbsp;chỉnh&nbsp;Quy&nbsp;chế&nbsp;quản&nbsp;l&yacute;,&nbsp;sử&nbsp;dụng&nbsp;nh&agrave;&nbsp;chung cư&nbsp;do&nbsp;Bộ&nbsp;X&acirc;y&nbsp;dựng&nbsp;ban&nbsp;h&agrave;nh&nbsp;v&agrave;&nbsp;Bản&nbsp;nội&nbsp;quy&nbsp;n&agrave;y.&nbsp;</span></p>\n\n<p><span style=\"font-size:14px\">2.&nbsp;Kh&aacute;ch&nbsp;ra&nbsp;v&agrave;o&nbsp;nh&agrave;&nbsp;chung&nbsp;cư&nbsp;phải&nbsp;đăng&nbsp;k&yacute;,&nbsp;xuất&nbsp;tr&igrave;nh&nbsp;giấy&nbsp;tờ&nbsp;chứng&nbsp;minh&nbsp;nh&acirc;n&nbsp;th&acirc;n&nbsp;tại&nbsp;quầy&nbsp;lễ&nbsp;t&acirc;n&nbsp;(nếu&nbsp;c&oacute;)&nbsp;hoặc&nbsp;tại&nbsp;tổ&nbsp;bảo&nbsp;vệ&nbsp;v&agrave;&nbsp;phải&nbsp;tu&acirc;n&nbsp;thủ&nbsp;sự&nbsp;hướng&nbsp;dẫn&nbsp;của&nbsp;lễ&nbsp;t&acirc;n&nbsp;hoặc&nbsp;bảo&nbsp;vệ&nbsp;nh&agrave;&nbsp;chung&nbsp;cư.<br />\nTrong&nbsp;trường&nbsp;hợp&nbsp;cần&nbsp;thiết,&nbsp;lễ&nbsp;t&acirc;nhoặc&nbsp;bảo&nbsp;vệ&nbsp;nh&agrave;&nbsp;chung&nbsp;cư&nbsp;được&nbsp;giữ&nbsp;c&aacute;c&nbsp;giấy&nbsp;tờ&nbsp;chứng&nbsp;minh&nbsp;nh&acirc;n&nbsp;th&acirc;n&nbsp;của&nbsp;kh&aacute;ch&nbsp;ra&nbsp;v&agrave;o&nbsp;nh&agrave;&nbsp;chung&nbsp;cư&nbsp;để&nbsp;phục&nbsp;vụ&nbsp;cho&nbsp;việc&nbsp;kiểm&nbsp;so&aacute;t&nbsp;an&nbsp;ninh,&nbsp;an&nbsp;to&agrave;n&nbsp;của&nbsp;nh&agrave;&nbsp;chung&nbsp;cư.<br />\nĐối&nbsp;với&nbsp;khu&nbsp;vực&nbsp;d&agrave;nh&nbsp;cho&nbsp;văn&nbsp;ph&ograve;ng,&nbsp;dịch&nbsp;vụ,&nbsp; thương&nbsp;mại&nbsp; th&igrave;&nbsp;kh&ocirc;ng&nbsp;cần&nbsp;phải&nbsp;đăng&nbsp;k&yacute;,&nbsp;xuất&nbsp;tr&igrave;nh&nbsp;giấy&nbsp; tờ&nbsp;chứng&nbsp;minh&nbsp;nh&acirc;n&nbsp;th&acirc;n&nbsp;n&agrave;y.</span></p>\n\n<p><span style=\"font-size:14px\">3.&nbsp;Người&nbsp;đến&nbsp;tạm&nbsp;tr&uacute;&nbsp;tại&nbsp;căn&nbsp;hộ&nbsp;phải&nbsp;đăng&nbsp;k&yacute;&nbsp;danh&nbsp;s&aacute;ch&nbsp;người&nbsp;tạm&nbsp;tr&uacute;&nbsp;với&nbsp;quầy&nbsp;lễ&nbsp;t&acirc;n&nbsp;(nếu&nbsp;c&oacute;)&nbsp;hoặc&nbsp;tại&nbsp;tổ&nbsp;bảo&nbsp;vệ;&nbsp;đăng&nbsp;k&yacute;&nbsp;tạm&nbsp;tr&uacute;&nbsp;tại&nbsp;cơ&nbsp;quan&nbsp;c&ocirc;ng&nbsp;an&nbsp;cấp&nbsp;phường&nbsp;sở&nbsp;tại.</span></p>\n\n<p><span style=\"font-size:14px\">4.&nbsp;Người&nbsp;sử&nbsp;dụng&nbsp;căn&nbsp;hộ,&nbsp;người&nbsp;tạm&nbsp;tr&uacute;&nbsp;phải&nbsp;chịu&nbsp;tr&aacute;ch&nbsp;nhiệm&nbsp;trước&nbsp;ph&aacute;p&nbsp;luật&nbsp;về&nbsp;c&aacute;c&nbsp;h&agrave;nh&nbsp;vi&nbsp;vi&nbsp;phạm&nbsp;Quy&nbsp;chế&nbsp;quản&nbsp;l&yacute;,&nbsp;sử&nbsp;dụng&nbsp;nh&agrave;&nbsp;chung&nbsp;cư&nbsp;v&agrave;&nbsp;Bản&nbsp;nội&nbsp;quy&nbsp;n&agrave;y.</span></p>\n\n<p><span style=\"font-size:14px\">5.&nbsp;C&aacute;c&nbsp;quy&nbsp;định&nbsp;&aacute;p&nbsp;dụng&nbsp;đối&nbsp;với&nbsp;nh&acirc;n&nbsp;vi&ecirc;n&nbsp;l&agrave;m&nbsp;việc&nbsp;tại&nbsp;khu&nbsp;vực&nbsp;văn&nbsp;ph&ograve;ng,&nbsp;dịch&nbsp;vụ,&nbsp;thương&nbsp;mại:&nbsp;do&nbsp;chủ&nbsp;đầu&nbsp;tư,&nbsp;Hội&nbsp;nghị&nbsp;nh&agrave;&nbsp;chung&nbsp;cư&nbsp;quy&nbsp;định&nbsp;th&ecirc;m&nbsp;cho&nbsp;ph&ugrave;&nbsp;hợp&nbsp;với&nbsp;từng&nbsp;nh&agrave;&nbsp;chung&nbsp;cư.</span></p>\n\n<h2><span style=\"color:#c0392b\"><strong><span style=\"font-size:18px\">Điều&nbsp;2.&nbsp;C&aacute;c&nbsp;h&agrave;nh&nbsp;vi&nbsp;bị&nbsp;nghi&ecirc;m&nbsp;cấm&nbsp;trong&nbsp;việc&nbsp;sử&nbsp;dụng&nbsp;nh&agrave;&nbsp;chung&nbsp;cư.</span></strong></span></h2>\n\n<p><span style=\"font-size:14px\">1.&nbsp;G&acirc;y&nbsp;mất&nbsp;an&nbsp;ninh,&nbsp;trật&nbsp;tự,&nbsp;n&oacute;i&nbsp;tục,&nbsp;chửi&nbsp;bậy,&nbsp;sử&nbsp;dụng&nbsp;truyền&nbsp;thanh,&nbsp;truyền&nbsp;h&igrave;nh&nbsp;hoặc&nbsp;c&aacute;c&nbsp;thiết&nbsp;bị&nbsp;ph&aacute;t&nbsp;ra&nbsp;&acirc;m&nbsp;thanh&nbsp;g&acirc;y&nbsp;ồn&nbsp;&agrave;o&nbsp;l&agrave;m&nbsp;ảnh&nbsp;hưởng&nbsp;đến&nbsp;sinh&nbsp;hoạt&nbsp;của&nbsp;c&aacute;c&nbsp;chủ&nbsp;sở&nbsp;hữu,&nbsp;người&nbsp;sử&nbsp;dụng&nbsp;nh&agrave;&nbsp;chung&nbsp;cư.</span></p>\n\n<p><span style=\"font-size:14px\">2.&nbsp;Ph&oacute;ng&nbsp;uế,&nbsp;xả&nbsp;r&aacute;c&nbsp;hoặc&nbsp;c&aacute;c&nbsp;loại&nbsp;chất&nbsp;thải,&nbsp;chất&nbsp;độc&nbsp;hại&nbsp;kh&ocirc;ng&nbsp;đ&uacute;ng&nbsp;nơi&nbsp;quy&nbsp;định,&nbsp;g&acirc;y&nbsp;&ocirc;&nbsp;nhiễm&nbsp;m&ocirc;i&nbsp;trường&nbsp;nh&agrave;&nbsp;chung&nbsp;cư.</span></p>\n\n<p><span style=\"font-size:14px\">3.&nbsp;N&eacute;m&nbsp;bất&nbsp;cứ&nbsp;vật&nbsp;g&igrave;&nbsp;từ&nbsp;cửa&nbsp;sổ,&nbsp;ban&nbsp;c&ocirc;ng&nbsp;của&nbsp;căn&nbsp;hộ.</span></p>\n\n<p><span style=\"font-size:14px\">4.&nbsp;Chăn,&nbsp;thả,&nbsp;nu&ocirc;i&nbsp;gia&nbsp;s&uacute;c,&nbsp;gia&nbsp;cầm&nbsp;trong&nbsp;nh&agrave;&nbsp;chung&nbsp;cư.</span></p>\n\n<p><span style=\"font-size:14px\">5.&nbsp;Đốt&nbsp;v&agrave;ng&nbsp;m&atilde;,&nbsp;đốt&nbsp;lửa&nbsp;trong&nbsp;nh&agrave;&nbsp;chung&nbsp;cư,&nbsp;trừ&nbsp;địa&nbsp;điểm&nbsp;được&nbsp;đốt&nbsp;v&agrave;ng&nbsp;m&atilde;&nbsp;theo&nbsp;quy&nbsp;định&nbsp;tại&nbsp;nh&agrave;&nbsp;chung&nbsp;cư.</span></p>\n\n<p><span style=\"font-size:14px\">6.&nbsp;Phơi,&nbsp;để&nbsp;quần&nbsp;&aacute;o&nbsp;v&agrave;&nbsp;bất&nbsp;cứ&nbsp;vật&nbsp;dụng&nbsp;n&agrave;o&nbsp;tr&ecirc;n&nbsp;lan&nbsp;can&nbsp;hoặc&nbsp;tại&nbsp;phần&nbsp;kh&ocirc;ng&nbsp;gian&nbsp;từ&nbsp;lan&nbsp;can&nbsp;trở&nbsp;l&ecirc;n&nbsp;hoặc&nbsp;vắt&nbsp;ngang&nbsp;cửa&nbsp;sổ&nbsp;của&nbsp;căn&nbsp;hộ.</span></p>\n\n<p><span style=\"font-size:14px\">7.&nbsp;Đ&aacute;nh&nbsp;bạc,&nbsp;hoạt&nbsp;động&nbsp;mại&nbsp;d&acirc;m&nbsp;trong&nbsp;nh&agrave;&nbsp;chung&nbsp;cư.</span></p>\n\n<p><span style=\"font-size:14px\">8.&nbsp;Kinh&nbsp;doanh&nbsp;c&aacute;c&nbsp;ng&agrave;nh&nbsp;nghề&nbsp;c&oacute;&nbsp;li&ecirc;n&nbsp;quan&nbsp;đến&nbsp;vật&nbsp;liệu&nbsp;nổ,&nbsp;dễ&nbsp;ch&aacute;y,&nbsp;g&acirc;y&nbsp;nguy&nbsp;hiểm&nbsp;cho t&iacute;nh&nbsp;mạng,&nbsp;t&agrave;i&nbsp;sản&nbsp;của&nbsp;người&nbsp;sử&nbsp;dụng&nbsp;nh&agrave;&nbsp;chung&nbsp;cư.</span></p>\n\n<p><span style=\"font-size:14px\">9.&nbsp;Mua,&nbsp;b&aacute;n,&nbsp;t&agrave;ng&nbsp;trữ,&nbsp;sử&nbsp;dụng&nbsp;tr&aacute;i&nbsp;ph&eacute;p&nbsp;chất&nbsp;ma&nbsp;t&uacute;y&nbsp;tại&nbsp;căn&nbsp;hộ&nbsp;v&agrave;&nbsp;c&aacute;c&nbsp;khu&nbsp;vực&nbsp;kh&aacute;c&nbsp;trong&nbsp;nh&agrave;&nbsp;chung&nbsp;cư.</span></p>\n\n<p><span style=\"font-size:14px\">10.&nbsp;Tự&nbsp;&yacute;&nbsp;chuyển&nbsp;đổi&nbsp;c&ocirc;ng&nbsp;năng,&nbsp;mục&nbsp;đ&iacute;ch&nbsp;sử&nbsp;dụng&nbsp;phần&nbsp;diện&nbsp;t&iacute;ch,&nbsp;c&aacute;c&nbsp;thiết&nbsp;bị&nbsp;thuộc&nbsp;sở&nbsp;hữu&nbsp;chung,&nbsp;sử&nbsp;dụng&nbsp;chung&nbsp;của&nbsp;nh&agrave;&nbsp;chung&nbsp;cư.</span></p>\n\n<p><span style=\"font-size:14px\">11.&nbsp;C&aacute;c&nbsp;h&agrave;nh&nbsp;vi&nbsp;kh&aacute;c&nbsp;theo&nbsp;quy&nbsp;định&nbsp;của&nbsp;ph&aacute;p&nbsp;luật&nbsp;c&oacute;&nbsp;li&ecirc;n&nbsp;quan&nbsp;đến&nbsp;nh&agrave;&nbsp;chung&nbsp;cư:&nbsp;do&nbsp;Hội&nbsp;nghị&nbsp;nh&agrave;&nbsp;chung&nbsp;cư&nbsp;quy&nbsp;định&nbsp;th&ecirc;m&nbsp;cho&nbsp;ph&ugrave;&nbsp;hợp&nbsp;với&nbsp;từng&nbsp;nh&agrave;&nbsp;chung&nbsp;cư.</span></p>\n\n<p><span style=\"font-size:14px\">12.&nbsp;C&aacute;c&nbsp;h&agrave;nh&nbsp;vi&nbsp;bị&nbsp;nghi&ecirc;m&nbsp;cấm&nbsp;kh&aacute;c&nbsp;theo&nbsp;quy&nbsp;định&nbsp;của&nbsp;ph&aacute;p&nbsp;luật.</span></p>\n\n<h2><span style=\"color:#c0392b\"><strong><span style=\"font-size:18px\">Điều&nbsp;3.&nbsp;Quy&nbsp;định&nbsp;về&nbsp;việc&nbsp;sử&nbsp;dụng&nbsp;phần&nbsp;sở&nbsp;hữu&nbsp;chung&nbsp;của&nbsp;nh&agrave;&nbsp;chung&nbsp;cư.</span></strong></span></h2>\n\n<p><span style=\"font-size:14px\">1.&nbsp;Sử&nbsp;dụng&nbsp;thang&nbsp;m&aacute;y&nbsp;v&agrave;&nbsp;c&aacute;c&nbsp;thiết&nbsp;bị&nbsp;sử&nbsp;dụng&nbsp;chung&nbsp;theo&nbsp;đ&uacute;ng&nbsp;mục&nbsp;đ&iacute;ch,&nbsp;c&ocirc;ng&nbsp;năng&nbsp;thiết&nbsp;kế&nbsp;sử&nbsp;dụng.&nbsp;Trẻ&nbsp;em&nbsp;dưới&nbsp;12&nbsp;tuổi&nbsp;khi&nbsp;sử&nbsp;dụng&nbsp;thang&nbsp;m&aacute;y&nbsp;hoặc&nbsp;c&ocirc;ng&nbsp;tr&igrave;nh&nbsp;phục&nbsp;vụ<br />\n&nbsp;chung&nbsp;phải&nbsp;c&oacute;&nbsp;cha,&nbsp;mẹ&nbsp;hoặc&nbsp;người&nbsp;tr&ocirc;ng&nbsp;coi&nbsp;đi&nbsp;k&egrave;m&nbsp;v&agrave;&nbsp; gi&aacute;m&nbsp;s&aacute;t.</span></p>\n\n<p><span style=\"font-size:14px\">2.&nbsp;Kh&ocirc;ng&nbsp;được&nbsp;l&agrave;m&nbsp;hư&nbsp;hỏng&nbsp;hoặc&nbsp;c&oacute;&nbsp;h&agrave;nh&nbsp;vi&nbsp;vi&nbsp;phạm&nbsp;đến&nbsp;t&agrave;i&nbsp;sản&nbsp;chung&nbsp;của&nbsp;nh&agrave;&nbsp;chung&nbsp;cư.</span></p>\n\n<p><span style=\"font-size:14px\">3.&nbsp;Kh&ocirc;ng&nbsp;được&nbsp;chiếm&nbsp;dụng,&nbsp;sử&nbsp;dụng&nbsp;phần&nbsp;diện&nbsp;t&iacute;ch&nbsp;thuộc&nbsp;sở&nbsp;hữu&nbsp;chung,&nbsp;sử&nbsp;dụng&nbsp;chung&nbsp;v&agrave;o mục&nbsp;đ&iacute;ch&nbsp;ri&ecirc;ng;&nbsp;kh&ocirc;ng&nbsp;được&nbsp;để&nbsp;c&aacute;c&nbsp;vật&nbsp;dụng&nbsp;thuộc&nbsp;sở&nbsp;hữu&nbsp;ri&ecirc;ng&nbsp;tại&nbsp;phần&nbsp;sở&nbsp;hữu&nbsp;chung.</span></p>\n\n<p><span style=\"font-size:14px\">4.&nbsp;Tu&acirc;n&nbsp;thủ&nbsp;đầy&nbsp;đủ&nbsp;c&aacute;c&nbsp;quy&nbsp;định&nbsp;về&nbsp;việc&nbsp;dừng,&nbsp;đỗ&nbsp;xe&nbsp;tại&nbsp;nơi&nbsp;được&nbsp;dừng,&nbsp;đỗ&nbsp;xe&nbsp;theo&nbsp;quy&nbsp;định.</span></p>\n\n<p><span style=\"font-size:14px\">5.&nbsp;Sử&nbsp;dụng&nbsp;nh&agrave;&nbsp;sinh&nbsp;hoạt&nbsp;cộng&nbsp;đồng&nbsp;v&agrave;o&nbsp;đ&uacute;ng&nbsp;mục&nbsp;đ&iacute;ch,&nbsp;c&ocirc;ng&nbsp;năng&nbsp;theo&nbsp;quy&nbsp;định&nbsp;của&nbsp;ph&aacute;p&nbsp;luật&nbsp;về&nbsp;nh&agrave;&nbsp;ở.</span></p>\n\n<p><span style=\"font-size:14px\">6.&nbsp;Tu&acirc;n&nbsp;thủ&nbsp;đầy&nbsp;đủ&nbsp;c&aacute;c&nbsp;quy&nbsp;định&nbsp;về&nbsp;an&nbsp;to&agrave;n&nbsp;ph&ograve;ng&nbsp;ch&aacute;y,&nbsp;chữa&nbsp;ch&aacute;y&nbsp;của&nbsp;nh&agrave;&nbsp;chung&nbsp;cư.</span></p>\n\n<p><span style=\"font-size:14px\">7.&nbsp;C&aacute;c&nbsp;quy&nbsp;định&nbsp;kh&aacute;c:&nbsp;do&nbsp;Hội&nbsp;nghị&nbsp;nh&agrave;&nbsp;chung&nbsp;cư&nbsp;quy&nbsp;định&nbsp;th&ecirc;m&nbsp;cho&nbsp;ph&ugrave;&nbsp;hợp&nbsp;với&nbsp;từng&nbsp;nh&agrave;&nbsp;chung&nbsp;cư.</span></p>\n\n<h2><span style=\"color:#c0392b\"><strong><span style=\"font-size:18px\">Điều&nbsp;4.&nbsp;Quy&nbsp;định&nbsp;về&nbsp;việc&nbsp;sửa&nbsp;chữa&nbsp;hư&nbsp;hỏng,&nbsp;thay&nbsp;đổi,&nbsp;lắp&nbsp;đặt&nbsp;th&ecirc;m&nbsp;trong&nbsp;căn&nbsp;hộ,&nbsp;phần&nbsp;diện&nbsp;t&iacute;ch&nbsp;kh&aacute;c&nbsp;thuộc&nbsp;sở&nbsp;hữu&nbsp;ri&ecirc;ng.</span></strong></span></h2>\n\n<p><span style=\"font-size:14px\">1.&nbsp;Trường&nbsp;hợp&nbsp;căn&nbsp;hộ&nbsp;hoặc&nbsp;phần&nbsp;diện&nbsp;t&iacute;ch&nbsp;kh&aacute;c&nbsp;thuộc&nbsp;sở&nbsp;hữu&nbsp;ri&ecirc;ng&nbsp;c&oacute;&nbsp;hư&nbsp;hỏng&nbsp;th&igrave;&nbsp;chủ&nbsp;sở&nbsp;hữu&nbsp;hoặc&nbsp;người&nbsp;sử&nbsp;dụng&nbsp;được&nbsp;quyền&nbsp;sửa&nbsp;chữa,&nbsp;thay&nbsp;thế&nbsp;nhưng&nbsp;kh&ocirc;ng&nbsp;được<br />\n&nbsp;l&agrave;m&nbsp;hư&nbsp;hỏng&nbsp;phần&nbsp;sở&nbsp;hữu&nbsp;chung&nbsp;v&agrave;&nbsp;ảnh&nbsp;hưởng&nbsp;đến&nbsp;c&aacute;c&nbsp;chủ&nbsp; sở&nbsp;hữu&nbsp;kh&aacute;c.</span></p>\n\n<p><span style=\"font-size:14px\">2.&nbsp;Trường&nbsp;hợp&nbsp;thay&nbsp;thế,&nbsp;sửa&nbsp;chữa&nbsp;hoặc&nbsp;lắp&nbsp;đặt&nbsp;thiết&nbsp;bị&nbsp;th&ecirc;m&nbsp;th&igrave;&nbsp;phải&nbsp;bảo&nbsp;đảm&nbsp;kh&ocirc;ng&nbsp;l&agrave;m&nbsp;thay&nbsp;đổi,&nbsp;biến&nbsp;dạng&nbsp;hoặc&nbsp;l&agrave;m&nbsp;hư&nbsp;hỏng&nbsp;kết&nbsp;cấu&nbsp;của&nbsp;nh&agrave;&nbsp;chung&nbsp;cư.</span></p>\n\n<p><span style=\"font-size:14px\">3.&nbsp;Trường&nbsp;hợp&nbsp;c&oacute;&nbsp;hư&nbsp;hỏng&nbsp;c&aacute;c&nbsp;thiết&nbsp;bị&nbsp;thuộc&nbsp;phần&nbsp;sở&nbsp;hữu&nbsp;chung,&nbsp;sử&nbsp;dụng&nbsp;chung&nbsp;gắn&nbsp;liền&nbsp;với&nbsp;căn&nbsp;hộ,&nbsp;phần&nbsp;diện&nbsp;t&iacute;ch&nbsp;kh&aacute;c&nbsp;thuộc&nbsp;sở&nbsp;hữu&nbsp;ri&ecirc;ng&nbsp;th&igrave;&nbsp;việc&nbsp;thay&nbsp;thế,&nbsp;sửa&nbsp;chữa&nbsp;<br />\nphải&nbsp;được&nbsp;thực&nbsp;hiện&nbsp;theo&nbsp;quy&nbsp;định&nbsp;của&nbsp;Quy&nbsp;chế&nbsp;quản&nbsp;l&yacute;,&nbsp;sử&nbsp;dụng&nbsp;nh&agrave;&nbsp;chung&nbsp;cưdo&nbsp;Bộ&nbsp;X&acirc;y&nbsp;dựng&nbsp;ban&nbsp;h&agrave;nh&nbsp;nhưng&nbsp;kh&ocirc;ng&nbsp;được&nbsp;l&agrave;m&nbsp;ảnh&nbsp;hưởng&nbsp;đến&nbsp;phần&nbsp;sở&nbsp;hữu&nbsp;ri&ecirc;ng&nbsp;của&nbsp;<br />\nchủ&nbsp;sở&nbsp;hữu&nbsp;kh&aacute;c.&nbsp;Chủ&nbsp;sở&nbsp;hữu&nbsp;phải&nbsp;th&ocirc;ng&nbsp;b&aacute;o&nbsp;cho&nbsp;Ban&nbsp;quản&nbsp;l&yacute;&nbsp;nh&agrave;&nbsp;chung&nbsp;cư&nbsp;để&nbsp;kịp&nbsp;thời&nbsp;sửa&nbsp;chữa,&nbsp;thay&nbsp;thế&nbsp;khi&nbsp;c&oacute;&nbsp;hư&nbsp; hỏng&nbsp;v&agrave;&nbsp;phải&nbsp;tạo&nbsp;điều&nbsp;kiện&nbsp;thuận&nbsp;lợi&nbsp;cho&nbsp;đơn&nbsp;vị&nbsp;thi&nbsp;c&ocirc;ng<br />\n&nbsp;khi&nbsp;sửa&nbsp;chữa&nbsp;c&aacute;c&nbsp;hư&nbsp;hỏng&nbsp;n&agrave;y.</span></p>\n\n<p><span style=\"font-size:14px\">4.&nbsp;Trường&nbsp;hợp&nbsp;nh&agrave;&nbsp;chung&nbsp;cư&nbsp;c&oacute;&nbsp;khu&nbsp;văn&nbsp;ph&ograve;ng,&nbsp;dịch&nbsp;vụ,&nbsp;thương&nbsp;mại&nbsp;m&agrave;&nbsp;c&oacute;&nbsp;hư&nbsp;hỏng&nbsp;c&aacute;c&nbsp;thiết&nbsp;bị&nbsp;thuộc&nbsp;phần&nbsp;sử&nbsp;dụng&nbsp;chung&nbsp;của&nbsp;nh&agrave;&nbsp;chung&nbsp;cư&nbsp;th&igrave;&nbsp;chủ&nbsp;sở&nbsp;hữu&nbsp;khu&nbsp;chức&nbsp;năng&nbsp; n&agrave;y phải&nbsp;thực&nbsp;hiện&nbsp;sửa&nbsp;chữa,&nbsp;thay&nbsp;thế&nbsp;theo&nbsp;quy&nbsp;định&nbsp; của&nbsp;Quy&nbsp;chế&nbsp;quản&nbsp;l&yacute;,&nbsp;sử&nbsp;dụng&nbsp;nh&agrave;&nbsp;chung&nbsp;cư&nbsp;do&nbsp;Bộ&nbsp;X&acirc;y&nbsp;dựng&nbsp;ban&nbsp;h&agrave;nh.</span></p>\n\n<p><span style=\"font-size:14px\">5.&nbsp;Trường&nbsp;hợp&nbsp;vận&nbsp;chuyển&nbsp;c&aacute;c&nbsp;thiết&nbsp;bị,&nbsp;đồ&nbsp;d&ugrave;ng&nbsp;trong&nbsp;nh&agrave;&nbsp;chung&nbsp;cư&nbsp;hoặc&nbsp;vận&nbsp;chuyển&nbsp;vật&nbsp;liệu&nbsp;khi&nbsp;sửa&nbsp;chữa&nbsp;c&aacute;c&nbsp;hư&nbsp;hỏng&nbsp;th&igrave;&nbsp;phải&nbsp;th&ocirc;ng&nbsp;b&aacute;o&nbsp;cho&nbsp;Ban&nbsp;Quản&nbsp;l&yacute;&nbsp;nh&agrave;&nbsp;chung&nbsp;cư&nbsp;v&agrave;&nbsp; &nbsp; chỉ&nbsp;được&nbsp;thực&nbsp;hiện&nbsp;trong&nbsp;thời&nbsp;gian&nbsp;từ&nbsp;8&nbsp;giờ&nbsp;s&aacute;ng&nbsp;tới&nbsp;18&nbsp; giờ&nbsp;chiều&nbsp;h&agrave;ng&nbsp;ng&agrave;y&nbsp;để&nbsp;tr&aacute;nh&nbsp;l&agrave;m&nbsp;ảnhhưởng&nbsp;đến&nbsp;hoạt&nbsp;động&nbsp;của&nbsp;nh&agrave;&nbsp;chung&nbsp;cư.</span></p>\n\n<p><span style=\"font-size:14px\">6.&nbsp;C&aacute;c&nbsp;quy&nbsp;định&nbsp;kh&aacute;c:&nbsp;do&nbsp;Hội&nbsp;nghị&nbsp;nh&agrave;&nbsp;chung&nbsp;cư&nbsp;quy&nbsp;định&nbsp;th&ecirc;m&nbsp;cho&nbsp;ph&ugrave;&nbsp;hợp&nbsp;với&nbsp;từng&nbsp;nh&agrave; chung&nbsp;cư.</span></p>\n');
/*!40000 ALTER TABLE `regulations` ENABLE KEYS */;
UNLOCK TABLES;

--
-- Table structure for table `residents`
--

DROP TABLE IF EXISTS `residents`;
/*!40101 SET @saved_cs_client     = @@character_set_client */;
/*!50503 SET character_set_client = utf8mb4 */;
CREATE TABLE `residents` (
  `id` int NOT NULL AUTO_INCREMENT,
  `birthday` date NOT NULL,
  `email` varchar(50) DEFAULT NULL,
  `fullname` varchar(50) NOT NULL,
  `gender` bit(1) NOT NULL,
  `hometown` varchar(255) NOT NULL,
  `identitycard` varchar(12) DEFAULT NULL,
  `job` varchar(50) NOT NULL,
  `phone` varchar(11) NOT NULL,
  `id_apartment` varchar(8) NOT NULL,
  PRIMARY KEY (`id`),
  UNIQUE KEY `UK_mk5npikkqucf7drtaamq25ptc` (`identitycard`),
  KEY `FKhuwc9eyyhideub5pxx4nxkp1l` (`id_apartment`),
  CONSTRAINT `FKhuwc9eyyhideub5pxx4nxkp1l` FOREIGN KEY (`id_apartment`) REFERENCES `apartments` (`id`)
) ENGINE=InnoDB AUTO_INCREMENT=65 DEFAULT CHARSET=utf8;
/*!40101 SET character_set_client = @saved_cs_client */;

--
-- Dumping data for table `residents`
--

LOCK TABLES `residents` WRITE;
/*!40000 ALTER TABLE `residents` DISABLE KEYS */;
INSERT INTO `residents` VALUES (1,'2000-01-01','oanhdepgai@gmail.com','Trương Oanh Oanh',_binary '','Thái Nguyên','091678987','Sinh viên','0345678987','L.A.101'),(2,'1999-06-07','quandeptrai@gmail.com','Lê Mạnh Quân',_binary '\0','Bạc Liêu','001026789809','Nhân Viên Tín Dụng','0345656741','L.A.101'),(3,'1997-12-06','manhtoan97@gmail.com','Đỗ Mạnh Toàn',_binary '\0','Tây Ninh','264476878','Giám sát','0748987132','L.A.102'),(4,'1995-01-01','phapdanh@gmail.com','Danh Pháp',_binary '\0','Cần Thơ','244113154','Kỹ Sư','0353060087','L.A.102'),(5,'2001-06-06','dieulieu@gmail.com','Hà Liễu Điêu',_binary '','Sóc Trăng','367876154','Sinh Viên','0814378987','L.A.102'),(6,'1996-07-14','tiendogsteal@gmail.com','Đào Quang Tiến',_binary '\0','An Giang','109876367','Công chức','084567338','L.A.103'),(7,'1998-11-18','huygiaosu@gmail.com','Đào Quang Huy',_binary '\0','Nha Trang','768777352','Trợ Giảng','0367896678','L.A.103'),(8,'2001-09-01','trachkaka@gmail.com','Vương Trạch',_binary '\0','Thái Bình','264478989','Sinh viên','0818907876','L.A.103'),(9,'1991-01-01','luubi@gmail.com','Lưu Bị',_binary '\0','Thái Bình','091998768','Sales','0517809123','L.A.104'),(10,'1992-02-01','vuquanquanvu@gmail.com','Quan Vũ',_binary '\0','Hòa Bình','890098768','Sales','0367876546','L.A.104'),(11,'1993-01-01','truongphimatto@gmail.com','Trương Phi',_binary '\0','Vĩnh Phúc','078890098','Sales','0345877132','L.A.104'),(12,'1991-01-01','hoachdaudinh@gmail.com','Mạnh Hoạch',_binary '\0','Nghệ An','037789987','Giảng Viên','0356678907','L.A.201'),(13,'1991-01-01','trungdothua@gmail.com','Đỗ Thừa Trung',_binary '\0','Thanh Hóa','273890097','Buôn Bán','0718900009','L.A.202'),(14,'2000-07-06','anan@gmail.com','Đỗ Thừa Ân',_binary '','Thanh Hóa','071889887','Sinh Viên','0367898154','L.A.202'),(15,'1993-08-09','thanhthaooto@gmail.com','Trần Thị Thanh Thảo',_binary '','Bắc Ninh','088678890987','Sales Ô tô','0353060089','L.A.203'),(16,'1992-01-02','quanbds@gmail.com','Trần Quân',_binary '\0','Hưng Yên','089976564321','Sales Bất Động Sản','0378908909','L.A.203'),(17,'2000-12-21','nhansuty@gmail.com','Tô Nhan',_binary '','Trà Vinh','036636134','Lễ Tân','0887980654','L.A.204'),(18,'1991-09-01','khainhapthanhcanh@gmail.com','Dương Khai',_binary '\0','Đồng Nai','367887665','Bảo Vệ','0989989419','L.A.204'),(19,'1991-01-01','manh123@gmail.com','Văn Mạnh',_binary '\0','Bắc Giang','089989678','Sinh Viên','0367890767','L.A.301'),(20,'1999-07-24','nhungthach@gmail.com','Thạch Thị Nhung',_binary '','Bến Tre','264478978','Sinh viên','0353060073','L.A.301'),(21,'1998-08-08','vanvanmaymay@gmail.com','Tô Huyền Vân',_binary '','Bến Tre','2644789986','Sinh viên','0356889776','L.A.301'),(22,'1994-09-28','dungtaixe@gmail.com','Trương Quốc Dũng',_binary '\0','Nam Định','371890789','Tài xế','0367656454','L.A.302'),(23,'1997-07-07','mungvuvi@gmail.com','Mang Mừng',_binary '','Phú Thọ','367897543','Sales','0811678567','L.A.302'),(24,'1993-09-08','thesu@gmail.com','Lục Thế Sự',_binary '\0','Bình Định','367776890','Giám sát','0345678876','L.A.303'),(25,'1999-08-09','namtrungtran@gmail.com','Trần Trung Nam',_binary '\0','Ninh Thuận','264463638','QC','0353060088','L.A.303'),(26,'1992-07-23','manhshopsusu@gmail.com','Trần Thế Mạnh',_binary '\0','Ninh Thuận','264463679','Quản lý shop','0357899873','L.A.303'),(27,'1993-03-03','ataotaoa@gmail.com','Giàng A Táo',_binary '\0','Cao Bằng','198897667','Phiên dịch viên','0356788761','L.A.304'),(28,'1995-03-05','penpen@gmail.com','Giàng Pèn',_binary '\0','Lạng Sơn','067789765','Kỹ thuật viên','0376678879','L.A.304'),(29,'1997-08-09','gopropro@gmail.com','Lai Súy Mùi',_binary '\0','Tây Ninh','256678956','Sales','0988766789','L.A.304'),(30,'1994-07-08','gamtoanly@gmail.com','Thạch Thị Hồng Gấm',_binary '','Kiên Giang','026789564','Giáo Viên','0346787532','L.A.401'),(31,'1991-01-01','trungvq@gmail.com','Vương Quốc Trung',_binary '\0','Đồng Nai','378134492','Công An','0357536242','L.A.402'),(32,'2000-02-27','giaomypham@gmail.com','Trịnh Thị Mỹ Giao',_binary '','Bến Tre','147890045178','Kinh Doanh','0353224487','L.A.403'),(33,'1994-01-01','dodo@gmail.com','Bùi Quang Đô',_binary '\0','Bạc Liêu','267889812','IT','0366789122','L.A.403'),(34,'1991-04-04','nguyetecopark@gmail.com','Bùi Tuyết Nguyệt',_binary '','Cần Thơ','073786356232','Sales BĐS','0353007979','L.A.404'),(35,'1996-04-04','nganshin@gmail.com','Trần Thị Tuyết Ngân',_binary '','Bình Thuận','264567821','Kế Toán','0766878234','L.A.404'),(36,'2000-01-02','linhtinh@gmail.com','Trần Thị Mạnh Linh',_binary '','Bình Thuận','371778998','Sinh Viên','0356667122','L.A.404'),(37,'1996-08-07','chinhagribank@gmail.com','Ngô Đức Chính',_binary '\0','Ninh Thuận','264467889','Giao dịch viên','0818907642','L.A.501'),(38,'1965-06-27','','Ngô Đức Đệ',_binary '\0','Ninh Thuận','263578921','Nội Trợ','0987225671','L.A.501'),(39,'1996-07-07','anhvupr96@gmail.com','Thái Anh Vũ',_binary '\0','Ninh Thuận','264476752','Kiến trúc sư','0989419876','L.A.502'),(40,'1996-03-03','kitikiti@gmail.com','Lê Võ Kim Tâm',_binary '','Ninh Thuận','263678900','Thu Ngân','0355621098','L.A.502'),(41,'1996-01-01','nhudatvo@gmail.com','Võ Như Đạt',_binary '\0','Bình Định','378898120','Bảo trì viên','0728641786','L.A.503'),(42,'1996-06-06','minhsoldier@gmail.com','Hà Đình Minh',_binary '\0','Tây Ninh','362761452','Bộ Đội','0378641389','L.A.504'),(43,'2000-02-02','tientien@gmail.com','Hà Đình Tiên',_binary '','Tây Ninh','277821661','Sinh viên','0344431789','L.A.504'),(44,'1989-01-01','minhvenus@gmail.com','Nguyễn Minh',_binary '\0','Hà Nội','030789132','Doanh Nhân','0989989989','L.A.601'),(45,'1993-01-01','baba@gmail.com','Địch Lệ Nhiệt Ba',_binary '','Bắc Giang','019939781','Phiên dịch viên','0350091767','L.A.601'),(46,'1973-02-02','nganvt@gmail.com','Văn Thị Ngân',_binary '','Đồng Tháp','341113114','Bán khô','0926667732','L.A.602'),(47,'1992-01-01','thaidoctor@gmail.com','Võ Văn Thái',_binary '\0','Đồng Tháp','341434333','Bác sĩ','0778921345','L.A.602'),(48,'1992-06-25','quyendo@gmail.com','Đỗ Tú Quyên',_binary '','Trà Vinh','027890143','Sales ô tô','0768861789','L.A.603'),(49,'1991-10-17','thaotring@gmail.com','Bùi Thảo Trinh',_binary '','Tiền Giang','167896390','Kinh doanh','0378902213','L.A.604'),(50,'1993-01-01','vannavy@gmail.com','Bùi Thảo Vân',_binary '','Trà Vinh','346678998721','Kinh doanh','0334667509','L.A.604'),(51,'1996-08-08','quoctuan96@gmail.com','Trần Quốc Tuấn',_binary '\0','Hồ Chí Minh','024482918','Sinh viên','0350789941','L.A.701'),(52,'1992-01-01','ututut@gmail.com','Lưu Út',_binary '\0','Bắc Giang','466789971','Giáo Viên','0355090093','L.A.701'),(53,'1999-01-07','erotik@gmail.com','Dương Quốc Đạt',_binary '\0','Sóc Trăng','280178222','Sinh viên','0848907620','L.A.702'),(54,'2000-04-04','quangdinhle@gmail.com','Lê Quang Định',_binary '\0','Hậu Giang','022216820','Sinh viên','078986542','L.A.703'),(55,'1990-01-01','lichdriver@gmal.com','Địch Thanh Lịch',_binary '\0','Kiên Giang','266677891','Tài Xế','0811188767','L.A.703'),(56,'1994-04-04','vanvanmaymay@gail.com','Võ Thừa Vân',_binary '\0','Bình Dương','378788452','Kỹ sư điện lạnh','0366712839','L.A.703'),(57,'1991-01-01','tienromantic@gmail.com','Bùi Thị Quỳnh Tiên',_binary '','Đắk lắk','147889201','Kinh Doanh','0347899621','L.A.704'),(58,'1998-01-01','tungvandik@gmail.com','Nguyễn Đức Tùng',_binary '\0','Thái Nguyên','091889778','Sinh viên','0366612212','L.A.704'),(59,'1987-09-15','nammaster@gmail.com','Trần Nam',_binary '\0','Phú Yên','427890167','Giáo Viên','0367862518','L.A.801'),(60,'1991-01-01','comathanhdia@gmail.com','Lệ Dung',_binary '','Nha Trang','023371888','Phong Thủy Sư','0378909281','L.A.802'),(61,'1988-01-10','chungsupport@gmail.com','Lê Đình Chung',_binary '\0','Tây Ninh','233467882','IT','0356133767','L.A.803'),(62,'1998-01-01','vandinhle@gmail.com','Lê Đình Văn',_binary '\0','Tây Ninh','361787541','Shipper','0377812189','L.A.803'),(63,'1994-08-07','hoanglongjava@gmail.com','Nguyễn Bá Hoàng Long',_binary '\0','Hồ Chí Minh','001092008184','Lập Trình Viên','0353078878','L.A.804'),(64,'1997-06-28','manhdn@gmail.com','Nguyễn Đức Mạnh',_binary '\0','Đồng Nai','267761254','Lập Trình Viên','0366712341','L.A.804');
/*!40000 ALTER TABLE `residents` ENABLE KEYS */;
UNLOCK TABLES;

--
-- Table structure for table `roles`
--

DROP TABLE IF EXISTS `roles`;
/*!40101 SET @saved_cs_client     = @@character_set_client */;
/*!50503 SET character_set_client = utf8mb4 */;
CREATE TABLE `roles` (
  `id` int NOT NULL AUTO_INCREMENT,
  `name` varchar(20) NOT NULL,
  `note` varchar(50) DEFAULT NULL,
  PRIMARY KEY (`id`)
) ENGINE=InnoDB AUTO_INCREMENT=4 DEFAULT CHARSET=utf8;
/*!40101 SET character_set_client = @saved_cs_client */;

--
-- Dumping data for table `roles`
--

LOCK TABLES `roles` WRITE;
/*!40000 ALTER TABLE `roles` DISABLE KEYS */;
INSERT INTO `roles` VALUES (1,'ROLE_USER',NULL),(3,'ROLE_ADMIN',NULL);
/*!40000 ALTER TABLE `roles` ENABLE KEYS */;
UNLOCK TABLES;

--
-- Table structure for table `token_reset_password`
--

DROP TABLE IF EXISTS `token_reset_password`;
/*!40101 SET @saved_cs_client     = @@character_set_client */;
/*!50503 SET character_set_client = utf8mb4 */;
CREATE TABLE `token_reset_password` (
  `id` int NOT NULL AUTO_INCREMENT,
  `expiry_date` datetime DEFAULT NULL,
  `token` varchar(255) DEFAULT NULL,
  `id_employee` int NOT NULL,
  PRIMARY KEY (`id`),
  KEY `FKihhr34sx5q83qlfyfpbmt942f` (`id_employee`),
  CONSTRAINT `FKihhr34sx5q83qlfyfpbmt942f` FOREIGN KEY (`id_employee`) REFERENCES `employees` (`id`)
) ENGINE=InnoDB DEFAULT CHARSET=utf8;
/*!40101 SET character_set_client = @saved_cs_client */;

--
-- Dumping data for table `token_reset_password`
--

LOCK TABLES `token_reset_password` WRITE;
/*!40000 ALTER TABLE `token_reset_password` DISABLE KEYS */;
/*!40000 ALTER TABLE `token_reset_password` ENABLE KEYS */;
UNLOCK TABLES;

--
-- Table structure for table `token_user`
--

DROP TABLE IF EXISTS `token_user`;
/*!40101 SET @saved_cs_client     = @@character_set_client */;
/*!50503 SET character_set_client = utf8mb4 */;
CREATE TABLE `token_user` (
  `id` int NOT NULL AUTO_INCREMENT,
  `token` varchar(255) NOT NULL,
  `expiry_date` datetime NOT NULL,
  `id_apartment` varchar(8) NOT NULL,
  PRIMARY KEY (`id`),
  KEY `123_idx` (`id_apartment`),
  CONSTRAINT `123` FOREIGN KEY (`id_apartment`) REFERENCES `apartments` (`id`)
) ENGINE=InnoDB AUTO_INCREMENT=4 DEFAULT CHARSET=utf8;
/*!40101 SET character_set_client = @saved_cs_client */;

--
-- Dumping data for table `token_user`
--

LOCK TABLES `token_user` WRITE;
/*!40000 ALTER TABLE `token_user` DISABLE KEYS */;
/*!40000 ALTER TABLE `token_user` ENABLE KEYS */;
UNLOCK TABLES;




--
-- Table structure for table `type_vehicels`
--

DROP TABLE IF EXISTS `type_vehicels`;
/*!40101 SET @saved_cs_client     = @@character_set_client */;
/*!50503 SET character_set_client = utf8mb4 */;
CREATE TABLE `type_vehicels` (
  `id` int NOT NULL AUTO_INCREMENT,
  `name` varchar(20) NOT NULL,
  `note` varchar(255) DEFAULT NULL,
  PRIMARY KEY (`id`),
  UNIQUE KEY `UK_8ojv22q2pjst932hc76vx0ohk` (`name`)
) ENGINE=InnoDB AUTO_INCREMENT=4 DEFAULT CHARSET=utf8;
/*!40101 SET character_set_client = @saved_cs_client */;

--
-- Dumping data for table `type_vehicels`
--

LOCK TABLES `type_vehicels` WRITE;
/*!40000 ALTER TABLE `type_vehicels` DISABLE KEYS */;
INSERT INTO `type_vehicels` VALUES (1,'Xe đạp',NULL),(2,'Xe máy',NULL),(3,'Xe ô tô',NULL);
/*!40000 ALTER TABLE `type_vehicels` ENABLE KEYS */;
UNLOCK TABLES;

--
-- Table structure for table `user_roles`
--

DROP TABLE IF EXISTS `user_roles`;
/*!40101 SET @saved_cs_client     = @@character_set_client */;
/*!50503 SET character_set_client = utf8mb4 */;
CREATE TABLE `user_roles` (
  `user_id` int NOT NULL,
  `role_id` int NOT NULL,
  PRIMARY KEY (`user_id`,`role_id`),
  KEY `FKh8ciramu9cc9q3qcqiv4ue8a6` (`role_id`),
  CONSTRAINT `FK9tdu6x1oj5wsxfpvunqv5gccy` FOREIGN KEY (`user_id`) REFERENCES `employees` (`id`),
  CONSTRAINT `FKh8ciramu9cc9q3qcqiv4ue8a6` FOREIGN KEY (`role_id`) REFERENCES `roles` (`id`)
) ENGINE=InnoDB DEFAULT CHARSET=utf8;
/*!40101 SET character_set_client = @saved_cs_client */;

--
-- Dumping data for table `user_roles`
--

LOCK TABLES `user_roles` WRITE;
/*!40000 ALTER TABLE `user_roles` DISABLE KEYS */;
INSERT INTO `user_roles` VALUES (2,1),(3,1),(1,3),(3,3);
/*!40000 ALTER TABLE `user_roles` ENABLE KEYS */;
UNLOCK TABLES;

--
-- Table structure for table `vehicles`
--

DROP TABLE IF EXISTS `vehicles`;
/*!40101 SET @saved_cs_client     = @@character_set_client */;
/*!50503 SET character_set_client = utf8mb4 */;
CREATE TABLE `vehicles` (
  `id` int NOT NULL AUTO_INCREMENT,
  `color` varchar(20) NOT NULL,
  `date` date NOT NULL,
  `license_plates` varchar(255) DEFAULT NULL,
  `id_resident` int NOT NULL,
  `id_typevehicle` int NOT NULL,
  PRIMARY KEY (`id`),
  UNIQUE KEY `UK_b6qwljugcbmcib9yx2fxwj424` (`license_plates`),
  KEY `FKjghk0qs6tfhdev9ab7al6v2j3` (`id_resident`),
  KEY `FKsriuetr7b137llwtkqk7qqda6` (`id_typevehicle`),
  CONSTRAINT `FKjghk0qs6tfhdev9ab7al6v2j3` FOREIGN KEY (`id_resident`) REFERENCES `residents` (`id`) ON DELETE CASCADE,
  CONSTRAINT `FKsriuetr7b137llwtkqk7qqda6` FOREIGN KEY (`id_typevehicle`) REFERENCES `type_vehicels` (`id`)
) ENGINE=InnoDB AUTO_INCREMENT=61 DEFAULT CHARSET=utf8;
/*!40101 SET character_set_client = @saved_cs_client */;

--
-- Dumping data for table `vehicles`
--

LOCK TABLES `vehicles` WRITE;
/*!40000 ALTER TABLE `vehicles` DISABLE KEYS */;
INSERT INTO `vehicles` VALUES (1,'Đen','2019-01-01','45C1-25678',1,2),(2,'Đỏ','2019-01-01','66B7-67752',2,2),(3,'Xám','2019-01-01','29H1-98765',3,2),(4,'Đỏ','2019-01-01','85A1-34434',4,3),(5,'Xanh','2019-01-02',NULL,5,1),(6,'Đen cam','2019-01-02','66L1-87987',6,2),(7,'Cam','2019-01-01','66L1-90909',7,2),(8,'Vàng đen','2019-01-01','71N7-81386',8,2),(9,'Cyan','2019-01-01','67A1-09889',9,3),(10,'Đen','2019-01-01','88P1-09890',10,2),(11,'Đỏ','2019-01-02','88P2-09191',11,2),(12,'Đen','2019-01-01','77P1-19889',12,2),(13,'Đỏ','2019-01-01',NULL,14,1),(14,'Đen','2019-01-01','55P1-98813',13,2),(15,'Đỏ','2019-01-01','51A1-98009',15,3),(16,'Xanh','2019-01-02','51A1-29009',16,3),(17,'Xanh mi-nơ','2019-01-02',NULL,18,1),(18,'Đỏ','2019-01-01','51A3-23445',17,3),(19,'Đen','2019-01-01','63N1-09983',21,2),(20,'Đỏ','2019-01-01','71N1-88932',19,2),(21,'Xanh','2019-01-02','87L3-88967',22,2),(22,'Vàng','2019-01-02','88U3-35667',24,2),(23,'Đen','2019-01-01','85C1-35246',25,2),(24,'Xanh','2019-01-02','85H1-18890',26,2),(25,'Đỏ','2019-01-01','34B1-35667',27,2),(26,'Cam','2019-05-06','30B1-27887',28,2),(27,'Cam đen','2019-01-01','17O1-78991',29,2),(28,'Đỏ','2019-01-01','77N1-20440',30,2),(29,'Đỏ','2019-01-02','60C1-27889',31,2),(30,'Xanh','2019-01-11','23O1-33324',32,2),(31,'Đen','2019-01-01','51A1-44453',33,3),(32,'Vàng','2019-01-01','51A1-20979',34,3),(33,'Trắng','2019-02-01',NULL,36,1),(34,'Đỏ đen','2019-01-01','86C1-42278',35,2),(35,'Nâu','2019-01-02','85B1-36262',37,2),(36,'Xanh','2019-03-01',NULL,38,1),(37,'Cam','2019-01-01','85B1-35266',39,2),(38,'Đen','2019-02-01','85L1-15590',40,2),(39,'Đen','2019-02-01','78H1-87789',42,2),(40,'Đỏ','2019-01-01','77H1-22341',43,2),(41,'Cyan','2019-01-01','51A1-39939',44,3),(42,'Đen','2019-02-01','59S1-39921',45,2),(43,'Đỏ','2019-01-01',NULL,46,1),(44,'Xanh','2019-01-01','66N1-34624',47,2),(45,'Đen','2019-01-01','84H1-77889',48,2),(46,'Đỏ','2019-01-01','74N1-33212',49,2),(47,'Xanh','2019-01-01','74N1-88972',50,2),(48,'Đỏ','2019-01-01','26G1-77862',51,2),(49,'Đen','2019-01-01','51S1-88891',52,2),(50,'Cam','2019-01-01','68H1-23677',53,2),(51,'Vàng','2019-01-01','67D1-27781',54,2),(52,'Xanh','2019-01-01','65C1-23456',56,2),(53,'Xanh','2019-01-01','30C1-17789',57,2),(54,'Đen','2019-01-01',NULL,58,1),(55,'Đen','2019-01-02','60H1-77621',59,3),(56,'Đỏ','2019-01-01','54K1-67223',60,3),(57,'Xanh','2019-01-01','73H1-26788',61,2),(58,'Vàng','2019-01-02',NULL,62,1),(59,'Gray','2019-01-01','66G1-24412',63,3),(60,'Đỏ','2019-01-01','67H1-77392',64,2);
/*!40000 ALTER TABLE `vehicles` ENABLE KEYS */;
UNLOCK TABLES;

--
-- Dumping events for database 'apartment'
--

--
-- Dumping routines for database 'apartment'
--
/*!40103 SET TIME_ZONE=@OLD_TIME_ZONE */;

/*!40101 SET SQL_MODE=@OLD_SQL_MODE */;
/*!40014 SET FOREIGN_KEY_CHECKS=@OLD_FOREIGN_KEY_CHECKS */;
/*!40014 SET UNIQUE_CHECKS=@OLD_UNIQUE_CHECKS */;
/*!40101 SET CHARACTER_SET_CLIENT=@OLD_CHARACTER_SET_CLIENT */;
/*!40101 SET CHARACTER_SET_RESULTS=@OLD_CHARACTER_SET_RESULTS */;
/*!40101 SET COLLATION_CONNECTION=@OLD_COLLATION_CONNECTION */;
/*!40111 SET SQL_NOTES=@OLD_SQL_NOTES */;

-- Dump completed on 2020-07-28 19:47:03
